{
 "chain_iptm": [
  0.11,
  0.12,
  0.11,
  0.11,
  0.1,
  0.1,
  0.1,
  0.1,
  0.06
 ],
 "chain_pair_iptm": [
  [
   0.82,
   0.45,
   0.07,
   0.06,
   0.05,
   0.06,
   0.06,
   0.09,
   0.07
  ],
  [
   0.45,
   0.82,
   0.11,
   0.09,
   0.05,
   0.06,
   0.06,
   0.07,
   0.05
  ],
  [
   0.07,
   0.11,
   0.82,
   0.41,
   0.07,
   0.07,
   0.06,
   0.06,
   0.05
  ],
  [
   0.06,
   0.09,
   0.41,
   0.82,
   0.07,
   0.06,
   0.09,
   0.08,
   0.05
  ],
  [
   0.05,
   0.05,
   0.07,
   0.07,
   0.82,
   0.38,
   0.06,
   0.05,
   0.06
  ],
  [
   0.06,
   0.06,
   0.07,
   0.06,
   0.38,
   0.82,
   0.05,
   0.05,
   0.06
  ],
  [
   0.06,
   0.06,
   0.06,
   0.09,
   0.06,
   0.05,
   0.82,
   0.35,
   0.07
  ],
  [
   0.09,
   0.07,
   0.06,
   0.08,
   0.05,
   0.05,
   0.35,
   0.82,
   0.08
  ],
  [
   0.07,
   0.05,
   0.05,
   0.05,
   0.06,
   0.06,
   0.07,
   0.08,
   0.82
  ]
 ],
 "chain_pair_pae_min": [
  [
   0.76,
   7.7,
   24.15,
   26.42,
   28.37,
   26.98,
   26.3,
   23.15,
   25.61
  ],
  [
   8.3,
   0.76,
   20.26,
   21.62,
   27.56,
   25.93,
   27.4,
   24.89,
   27.74
  ],
  [
   25.4,
   19.94,
   0.76,
   9.62,
   24.53,
   24.82,
   25.49,
   27.34,
   29.26
  ],
  [
   26.78,
   22.12,
   9.38,
   0.76,
   22.79,
   26.43,
   22.95,
   24.87,
   28.76
  ],
  [
   28.55,
   27.73,
   24.48,
   23.68,
   0.76,
   11.39,
   25.79,
   28.03,
   26.25
  ],
  [
   26.65,
   26.66,
   24.29,
   26.42,
   10.49,
   0.76,
   27.47,
   28.77,
   26.16
  ],
  [
   26.44,
   27.59,
   27.08,
   22.79,
   22.94,
   27.76,
   0.76,
   12.89,
   23.65
  ],
  [
   23.95,
   25.37,
   27.66,
   24.6,
   27.45,
   28.72,
   11.03,
   0.76,
   21.68
  ],
  [
   24.87,
   28.13,
   29.54,
   28.78,
   26.57,
   26.04,
   24.27,
   21.61,
   0.76
  ]
 ],
 "chain_ptm": [
  0.82,
  0.82,
  0.82,
  0.82,
  0.82,
  0.82,
  0.82,
  0.82,
  0.82
 ],
 "fraction_disordered": 0.0,
 "has_clash": 0.0,
 "iptm": 0.21,
 "num_recycles": 10.0,
 "ptm": 0.29,
 "ranking_score": 0.23
}