{
 "chain_iptm": [
  0.11,
  0.13,
  0.09,
  0.12,
  0.12,
  0.09,
  0.12,
  0.09,
  0.1
 ],
 "chain_pair_iptm": [
  [
   0.8,
   0.12,
   0.07,
   0.09,
   0.1,
   0.07,
   0.09,
   0.09,
   0.29
  ],
  [
   0.12,
   0.8,
   0.12,
   0.34,
   0.12,
   0.08,
   0.09,
   0.07,
   0.08
  ],
  [
   0.07,
   0.12,
   0.8,
   0.15,
   0.06,
   0.09,
   0.06,
   0.09,
   0.07
  ],
  [
   0.09,
   0.34,
   0.15,
   0.8,
   0.09,
   0.08,
   0.08,
   0.06,
   0.07
  ],
  [
   0.1,
   0.12,
   0.06,
   0.09,
   0.8,
   0.11,
   0.32,
   0.07,
   0.08
  ],
  [
   0.07,
   0.08,
   0.09,
   0.08,
   0.11,
   0.8,
   0.13,
   0.1,
   0.06
  ],
  [
   0.09,
   0.09,
   0.06,
   0.08,
   0.32,
   0.13,
   0.8,
   0.09,
   0.07
  ],
  [
   0.09,
   0.07,
   0.09,
   0.06,
   0.07,
   0.1,
   0.09,
   0.8,
   0.12
  ],
  [
   0.29,
   0.08,
   0.07,
   0.07,
   0.08,
   0.06,
   0.07,
   0.12,
   0.79
  ]
 ],
 "chain_pair_pae_min": [
  [
   0.76,
   18.6,
   25.35,
   24.15,
   21.56,
   25.25,
   23.66,
   23.04,
   16.15
  ],
  [
   18.98,
   0.76,
   17.86,
   13.37,
   20.31,
   24.19,
   24.02,
   25.81,
   24.21
  ],
  [
   26.03,
   19.09,
   0.76,
   17.18,
   26.42,
   23.6,
   25.88,
   25.03,
   25.38
  ],
  [
   21.89,
   14.54,
   16.35,
   0.76,
   21.29,
   22.48,
   24.51,
   26.19,
   25.98
  ],
  [
   21.79,
   19.75,
   26.33,
   21.86,
   0.76,
   18.19,
   11.12,
   24.46,
   25.85
  ],
  [
   27.02,
   25.78,
   24.8,
   23.57,
   21.51,
   0.76,
   17.3,
   22.28,
   26.98
  ],
  [
   23.67,
   22.82,
   26.41,
   24.55,
   12.91,
   17.37,
   0.76,
   21.17,
   26.0
  ],
  [
   24.81,
   25.94,
   25.38,
   26.19,
   25.11,
   20.26,
   20.82,
   0.76,
   18.45
  ],
  [
   15.63,
   23.34,
   25.18,
   25.81,
   23.71,
   26.25,
   25.3,
   18.24,
   0.76
  ]
 ],
 "chain_ptm": [
  0.8,
  0.8,
  0.8,
  0.8,
  0.8,
  0.8,
  0.8,
  0.8,
  0.79
 ],
 "fraction_disordered": 0.0,
 "has_clash": 0.0,
 "iptm": 0.24,
 "num_recycles": 10.0,
 "ptm": 0.32,
 "ranking_score": 0.25
}