{
 "chain_iptm": [
  0.17,
  0.19,
  0.17,
  0.19,
  0.06,
  0.19,
  0.2,
  0.2,
  0.19
 ],
 "chain_pair_iptm": [
  [
   0.81,
   0.43,
   0.24,
   0.23,
   0.08,
   0.1,
   0.1,
   0.11,
   0.09
  ],
  [
   0.43,
   0.81,
   0.24,
   0.24,
   0.06,
   0.14,
   0.14,
   0.14,
   0.14
  ],
  [
   0.24,
   0.24,
   0.81,
   0.39,
   0.08,
   0.09,
   0.1,
   0.11,
   0.09
  ],
  [
   0.23,
   0.24,
   0.39,
   0.81,
   0.06,
   0.13,
   0.15,
   0.16,
   0.13
  ],
  [
   0.08,
   0.06,
   0.08,
   0.06,
   0.82,
   0.05,
   0.05,
   0.05,
   0.05
  ],
  [
   0.1,
   0.14,
   0.09,
   0.13,
   0.05,
   0.83,
   0.32,
   0.28,
   0.39
  ],
  [
   0.1,
   0.14,
   0.1,
   0.15,
   0.05,
   0.32,
   0.84,
   0.45,
   0.31
  ],
  [
   0.11,
   0.14,
   0.11,
   0.16,
   0.05,
   0.28,
   0.45,
   0.83,
   0.31
  ],
  [
   0.09,
   0.14,
   0.09,
   0.13,
   0.05,
   0.39,
   0.31,
   0.31,
   0.83
  ]
 ],
 "chain_pair_pae_min": [
  [
   0.76,
   8.94,
   14.9,
   17.3,
   23.24,
   23.91,
   26.78,
   24.33,
   27.3
  ],
  [
   8.64,
   0.76,
   14.8,
   15.68,
   25.28,
   21.08,
   24.91,
   22.02,
   25.18
  ],
  [
   14.85,
   15.55,
   0.76,
   10.78,
   23.18,
   24.48,
   27.14,
   24.1,
   27.35
  ],
  [
   16.9,
   15.68,
   10.24,
   0.76,
   25.22,
   21.42,
   24.96,
   21.93,
   25.74
  ],
  [
   22.54,
   26.69,
   22.21,
   27.18,
   0.76,
   29.24,
   30.59,
   29.64,
   30.58
  ],
  [
   23.86,
   20.17,
   24.66,
   20.74,
   28.26,
   0.76,
   13.63,
   15.73,
   12.29
  ],
  [
   24.09,
   21.41,
   24.54,
   21.13,
   29.54,
   13.35,
   0.76,
   9.32,
   15.75
  ],
  [
   24.15,
   21.3,
   24.21,
   20.65,
   28.21,
   15.91,
   8.62,
   0.76,
   14.28
  ],
  [
   24.44,
   21.38,
   24.79,
   21.77,
   29.61,
   11.25,
   15.3,
   13.66,
   0.76
  ]
 ],
 "chain_ptm": [
  0.81,
  0.81,
  0.81,
  0.81,
  0.82,
  0.83,
  0.84,
  0.83,
  0.83
 ],
 "fraction_disordered": 0.0,
 "has_clash": 0.0,
 "iptm": 0.32,
 "num_recycles": 10.0,
 "ptm": 0.39,
 "ranking_score": 0.33
}