{
 "chain_iptm": [
  0.15,
  0.14,
  0.15,
  0.14,
  0.15,
  0.16,
  0.15,
  0.06,
  0.14
 ],
 "chain_pair_iptm": [
  [
   0.82,
   0.42,
   0.22,
   0.23,
   0.06,
   0.06,
   0.07,
   0.06,
   0.06
  ],
  [
   0.42,
   0.82,
   0.23,
   0.23,
   0.05,
   0.05,
   0.06,
   0.05,
   0.05
  ],
  [
   0.22,
   0.23,
   0.82,
   0.39,
   0.07,
   0.07,
   0.07,
   0.06,
   0.07
  ],
  [
   0.23,
   0.23,
   0.39,
   0.82,
   0.05,
   0.05,
   0.05,
   0.05,
   0.05
  ],
  [
   0.06,
   0.05,
   0.07,
   0.05,
   0.84,
   0.43,
   0.26,
   0.08,
   0.23
  ],
  [
   0.06,
   0.05,
   0.07,
   0.05,
   0.43,
   0.84,
   0.28,
   0.06,
   0.26
  ],
  [
   0.07,
   0.06,
   0.07,
   0.05,
   0.26,
   0.28,
   0.84,
   0.08,
   0.33
  ],
  [
   0.06,
   0.05,
   0.06,
   0.05,
   0.08,
   0.06,
   0.08,
   0.83,
   0.07
  ],
  [
   0.06,
   0.05,
   0.07,
   0.05,
   0.23,
   0.26,
   0.33,
   0.07,
   0.84
  ]
 ],
 "chain_pair_pae_min": [
  [
   0.76,
   9.07,
   14.88,
   17.58,
   26.18,
   28.99,
   25.06,
   26.37,
   28.72
  ],
  [
   8.79,
   0.76,
   15.52,
   15.34,
   27.57,
   28.88,
   27.24,
   27.72,
   29.87
  ],
  [
   14.8,
   16.19,
   0.76,
   10.98,
   24.89,
   28.66,
   25.81,
   26.32,
   28.94
  ],
  [
   17.34,
   15.42,
   10.32,
   0.76,
   27.27,
   29.9,
   27.66,
   27.49,
   30.0
  ],
  [
   25.69,
   28.28,
   24.57,
   28.52,
   0.76,
   10.11,
   15.88,
   23.31,
   19.82
  ],
  [
   26.52,
   28.51,
   25.68,
   29.13,
   9.26,
   0.76,
   14.67,
   24.31,
   18.04
  ],
  [
   24.95,
   28.34,
   25.44,
   28.93,
   15.02,
   15.78,
   0.76,
   23.05,
   14.86
  ],
  [
   26.48,
   29.06,
   26.32,
   28.65,
   22.72,
   27.53,
   23.04,
   0.76,
   24.51
  ],
  [
   26.49,
   28.66,
   26.69,
   29.04,
   18.71,
   18.13,
   14.18,
   24.32,
   0.76
  ]
 ],
 "chain_ptm": [
  0.82,
  0.82,
  0.82,
  0.82,
  0.84,
  0.84,
  0.84,
  0.83,
  0.84
 ],
 "fraction_disordered": 0.0,
 "has_clash": 0.0,
 "iptm": 0.26,
 "num_recycles": 10.0,
 "ptm": 0.34,
 "ranking_score": 0.28
}