{
 "chain_iptm": [
  0.17,
  0.16,
  0.17,
  0.15,
  0.16,
  0.17,
  0.05,
  0.16,
  0.15
 ],
 "chain_pair_iptm": [
  [
   0.82,
   0.42,
   0.25,
   0.25,
   0.1,
   0.1,
   0.05,
   0.1,
   0.09
  ],
  [
   0.42,
   0.82,
   0.25,
   0.25,
   0.07,
   0.07,
   0.05,
   0.07,
   0.06
  ],
  [
   0.25,
   0.25,
   0.81,
   0.4,
   0.1,
   0.11,
   0.05,
   0.1,
   0.09
  ],
  [
   0.25,
   0.25,
   0.4,
   0.82,
   0.08,
   0.07,
   0.04,
   0.07,
   0.06
  ],
  [
   0.1,
   0.07,
   0.1,
   0.08,
   0.83,
   0.41,
   0.07,
   0.24,
   0.22
  ],
  [
   0.1,
   0.07,
   0.11,
   0.07,
   0.41,
   0.84,
   0.05,
   0.28,
   0.26
  ],
  [
   0.05,
   0.05,
   0.05,
   0.04,
   0.07,
   0.05,
   0.83,
   0.06,
   0.06
  ],
  [
   0.1,
   0.07,
   0.1,
   0.07,
   0.24,
   0.28,
   0.06,
   0.83,
   0.36
  ],
  [
   0.09,
   0.06,
   0.09,
   0.06,
   0.22,
   0.26,
   0.06,
   0.36,
   0.83
  ]
 ],
 "chain_pair_pae_min": [
  [
   0.76,
   9.19,
   14.62,
   16.89,
   22.04,
   26.94,
   29.08,
   23.92,
   26.35
  ],
  [
   9.07,
   0.76,
   14.94,
   14.7,
   24.16,
   28.09,
   29.34,
   25.34,
   28.09
  ],
  [
   14.71,
   15.24,
   0.76,
   10.66,
   22.19,
   26.43,
   28.62,
   23.4,
   26.77
  ],
  [
   16.85,
   14.85,
   9.95,
   0.76,
   24.0,
   27.73,
   29.46,
   25.51,
   28.75
  ],
  [
   22.18,
   26.6,
   22.5,
   26.29,
   0.76,
   10.8,
   24.44,
   17.69,
   19.95
  ],
  [
   23.98,
   27.0,
   23.41,
   27.07,
   9.35,
   0.76,
   26.01,
   16.61,
   17.55
  ],
  [
   28.77,
   29.84,
   28.61,
   29.9,
   23.74,
   26.87,
   0.76,
   24.23,
   25.13
  ],
  [
   23.32,
   26.99,
   23.04,
   27.25,
   17.46,
   17.16,
   25.7,
   0.76,
   13.39
  ],
  [
   24.29,
   27.73,
   24.34,
   27.43,
   19.72,
   18.39,
   27.68,
   13.13,
   0.76
  ]
 ],
 "chain_ptm": [
  0.82,
  0.82,
  0.81,
  0.82,
  0.83,
  0.84,
  0.83,
  0.83,
  0.83
 ],
 "fraction_disordered": 0.0,
 "has_clash": 0.0,
 "iptm": 0.27,
 "num_recycles": 10.0,
 "ptm": 0.35,
 "ranking_score": 0.29
}