{
 "chain_iptm": [
  0.1,
  0.11,
  0.11,
  0.1,
  0.1,
  0.1,
  0.1,
  0.1,
  0.1,
  0.1
 ],
 "chain_pair_iptm": [
  [
   0.8,
   0.44,
   0.06,
   0.05,
   0.06,
   0.07,
   0.06,
   0.06,
   0.06,
   0.07
  ],
  [
   0.44,
   0.8,
   0.08,
   0.06,
   0.07,
   0.07,
   0.06,
   0.05,
   0.06,
   0.06
  ],
  [
   0.06,
   0.08,
   0.8,
   0.4,
   0.1,
   0.07,
   0.05,
   0.06,
   0.06,
   0.06
  ],
  [
   0.05,
   0.06,
   0.4,
   0.8,
   0.08,
   0.06,
   0.06,
   0.06,
   0.07,
   0.06
  ],
  [
   0.06,
   0.07,
   0.1,
   0.08,
   0.8,
   0.37,
   0.06,
   0.08,
   0.05,
   0.05
  ],
  [
   0.07,
   0.07,
   0.07,
   0.06,
   0.37,
   0.8,
   0.08,
   0.07,
   0.05,
   0.05
  ],
  [
   0.06,
   0.06,
   0.05,
   0.06,
   0.06,
   0.08,
   0.8,
   0.37,
   0.09,
   0.07
  ],
  [
   0.06,
   0.05,
   0.06,
   0.06,
   0.08,
   0.07,
   0.37,
   0.8,
   0.08,
   0.06
  ],
  [
   0.06,
   0.06,
   0.06,
   0.07,
   0.05,
   0.05,
   0.09,
   0.08,
   0.8,
   0.38
  ],
  [
   0.07,
   0.06,
   0.06,
   0.06,
   0.05,
   0.05,
   0.07,
   0.06,
   0.38,
   0.8
  ]
 ],
 "chain_pair_pae_min": [
  [
   0.76,
   8.16,
   23.76,
   27.36,
   25.31,
   23.09,
   25.16,
   27.17,
   25.71,
   25.54
  ],
  [
   7.98,
   0.76,
   21.21,
   26.82,
   23.78,
   24.77,
   26.38,
   27.66,
   26.45,
   24.51
  ],
  [
   26.34,
   21.54,
   0.76,
   10.06,
   20.3,
   25.86,
   27.41,
   26.48,
   26.17,
   25.3
  ],
  [
   27.51,
   24.66,
   9.68,
   0.76,
   20.89,
   26.91,
   26.83,
   25.81,
   25.34,
   25.16
  ],
  [
   26.45,
   22.8,
   21.1,
   22.84,
   0.76,
   11.23,
   24.77,
   22.52,
   27.64,
   28.1
  ],
  [
   25.0,
   25.39,
   24.09,
   25.99,
   10.93,
   0.76,
   22.96,
   21.76,
   27.49,
   28.37
  ],
  [
   26.12,
   27.51,
   27.94,
   27.49,
   25.09,
   19.89,
   0.76,
   10.88,
   21.04,
   26.48
  ],
  [
   27.3,
   28.15,
   27.37,
   26.59,
   24.42,
   22.02,
   10.61,
   0.76,
   21.27,
   26.91
  ],
  [
   25.11,
   27.12,
   26.78,
   25.85,
   27.29,
   26.83,
   20.93,
   20.36,
   0.76,
   10.74
  ],
  [
   26.29,
   25.92,
   26.45,
   26.0,
   27.38,
   27.93,
   23.66,
   26.17,
   10.12,
   0.76
  ]
 ],
 "chain_ptm": [
  0.8,
  0.8,
  0.8,
  0.8,
  0.8,
  0.8,
  0.8,
  0.8,
  0.8,
  0.8
 ],
 "fraction_disordered": 0.0,
 "has_clash": 0.0,
 "iptm": 0.22,
 "num_recycles": 10.0,
 "ptm": 0.29,
 "ranking_score": 0.23
}