{
 "chain_iptm": [
  0.12,
  0.11,
  0.12,
  0.11,
  0.06,
  0.06,
  0.1,
  0.1,
  0.1,
  0.1
 ],
 "chain_pair_iptm": [
  [
   0.81,
   0.47,
   0.19,
   0.12,
   0.06,
   0.05,
   0.06,
   0.06,
   0.05,
   0.05
  ],
  [
   0.47,
   0.8,
   0.13,
   0.08,
   0.06,
   0.05,
   0.06,
   0.05,
   0.05,
   0.05
  ],
  [
   0.19,
   0.13,
   0.81,
   0.42,
   0.06,
   0.04,
   0.05,
   0.06,
   0.06,
   0.05
  ],
  [
   0.12,
   0.08,
   0.42,
   0.8,
   0.05,
   0.05,
   0.06,
   0.06,
   0.07,
   0.06
  ],
  [
   0.06,
   0.06,
   0.06,
   0.05,
   0.8,
   0.07,
   0.05,
   0.05,
   0.06,
   0.05
  ],
  [
   0.05,
   0.05,
   0.04,
   0.05,
   0.07,
   0.8,
   0.08,
   0.06,
   0.08,
   0.1
  ],
  [
   0.06,
   0.06,
   0.05,
   0.06,
   0.05,
   0.08,
   0.8,
   0.38,
   0.06,
   0.08
  ],
  [
   0.06,
   0.05,
   0.06,
   0.06,
   0.05,
   0.06,
   0.38,
   0.8,
   0.07,
   0.09
  ],
  [
   0.05,
   0.05,
   0.06,
   0.07,
   0.06,
   0.08,
   0.06,
   0.07,
   0.8,
   0.37
  ],
  [
   0.05,
   0.05,
   0.05,
   0.06,
   0.05,
   0.1,
   0.08,
   0.09,
   0.37,
   0.8
  ]
 ],
 "chain_pair_pae_min": [
  [
   0.76,
   6.95,
   15.9,
   21.32,
   26.36,
   29.21,
   26.83,
   26.27,
   28.25,
   29.31
  ],
  [
   6.85,
   0.76,
   17.79,
   24.27,
   25.12,
   28.79,
   25.59,
   27.03,
   28.66,
   29.54
  ],
  [
   15.98,
   20.14,
   0.76,
   9.23,
   25.87,
   29.44,
   27.86,
   25.77,
   25.81,
   28.64
  ],
  [
   19.54,
   24.08,
   8.86,
   0.76,
   25.21,
   28.98,
   27.12,
   25.44,
   24.64,
   27.19
  ],
  [
   27.5,
   24.44,
   26.58,
   26.27,
   0.76,
   24.03,
   27.34,
   28.29,
   25.41,
   27.28
  ],
  [
   29.43,
   27.81,
   29.8,
   28.75,
   22.66,
   0.76,
   19.14,
   23.78,
   24.2,
   21.46
  ],
  [
   27.54,
   26.95,
   28.19,
   27.16,
   27.32,
   22.15,
   0.76,
   10.46,
   25.68,
   22.4
  ],
  [
   27.38,
   27.79,
   27.95,
   26.11,
   27.66,
   23.5,
   9.98,
   0.76,
   22.64,
   21.84
  ],
  [
   28.77,
   28.58,
   27.63,
   24.77,
   24.88,
   22.41,
   24.78,
   21.27,
   0.76,
   11.07
  ],
  [
   29.08,
   29.18,
   28.89,
   26.63,
   26.78,
   21.05,
   22.88,
   21.42,
   10.8,
   0.76
  ]
 ],
 "chain_ptm": [
  0.81,
  0.8,
  0.81,
  0.8,
  0.8,
  0.8,
  0.8,
  0.8,
  0.8,
  0.8
 ],
 "fraction_disordered": 0.0,
 "has_clash": 0.0,
 "iptm": 0.23,
 "num_recycles": 10.0,
 "ptm": 0.3,
 "ranking_score": 0.24
}