{
 "chain_iptm": [
  0.12,
  0.11,
  0.11,
  0.11,
  0.11,
  0.1,
  0.1,
  0.1,
  0.1,
  0.1
 ],
 "chain_pair_iptm": [
  [
   0.8,
   0.46,
   0.14,
   0.11,
   0.06,
   0.06,
   0.06,
   0.05,
   0.08,
   0.06
  ],
  [
   0.46,
   0.8,
   0.09,
   0.07,
   0.05,
   0.06,
   0.06,
   0.06,
   0.1,
   0.08
  ],
  [
   0.14,
   0.09,
   0.8,
   0.4,
   0.08,
   0.06,
   0.07,
   0.06,
   0.05,
   0.05
  ],
  [
   0.11,
   0.07,
   0.4,
   0.8,
   0.11,
   0.09,
   0.06,
   0.06,
   0.05,
   0.05
  ],
  [
   0.06,
   0.05,
   0.08,
   0.11,
   0.79,
   0.38,
   0.07,
   0.08,
   0.06,
   0.06
  ],
  [
   0.06,
   0.06,
   0.06,
   0.09,
   0.38,
   0.8,
   0.05,
   0.07,
   0.07,
   0.06
  ],
  [
   0.06,
   0.06,
   0.07,
   0.06,
   0.07,
   0.05,
   0.8,
   0.38,
   0.06,
   0.08
  ],
  [
   0.05,
   0.06,
   0.06,
   0.06,
   0.08,
   0.07,
   0.38,
   0.8,
   0.07,
   0.1
  ],
  [
   0.08,
   0.1,
   0.05,
   0.05,
   0.06,
   0.07,
   0.06,
   0.07,
   0.8,
   0.37
  ],
  [
   0.06,
   0.08,
   0.05,
   0.05,
   0.06,
   0.06,
   0.08,
   0.1,
   0.37,
   0.8
  ]
 ],
 "chain_pair_pae_min": [
  [
   0.76,
   7.37,
   19.07,
   21.52,
   26.87,
   25.94,
   26.34,
   27.67,
   23.82,
   26.35
  ],
  [
   7.02,
   0.76,
   20.75,
   24.85,
   27.81,
   26.25,
   26.17,
   26.93,
   21.75,
   24.72
  ],
  [
   17.72,
   24.21,
   0.76,
   9.77,
   22.03,
   26.05,
   25.45,
   26.48,
   27.97,
   28.09
  ],
  [
   20.35,
   25.7,
   8.9,
   0.76,
   19.47,
   23.73,
   25.3,
   26.47,
   27.93,
   28.48
  ],
  [
   26.4,
   28.4,
   25.42,
   19.66,
   0.76,
   10.49,
   23.88,
   22.5,
   26.16,
   26.27
  ],
  [
   26.72,
   27.29,
   26.58,
   22.45,
   10.2,
   0.76,
   26.12,
   21.58,
   25.07,
   25.47
  ],
  [
   27.06,
   27.22,
   25.84,
   26.09,
   22.43,
   26.16,
   0.76,
   9.53,
   25.93,
   21.91
  ],
  [
   27.65,
   27.15,
   26.63,
   26.04,
   22.37,
   23.23,
   9.47,
   0.76,
   24.74,
   20.64
  ],
  [
   25.77,
   21.97,
   27.59,
   28.09,
   26.32,
   23.11,
   26.23,
   21.6,
   0.76,
   10.33
  ],
  [
   27.09,
   24.23,
   27.99,
   28.42,
   26.85,
   24.66,
   23.59,
   20.69,
   10.28,
   0.76
  ]
 ],
 "chain_ptm": [
  0.8,
  0.8,
  0.8,
  0.8,
  0.79,
  0.8,
  0.8,
  0.8,
  0.8,
  0.8
 ],
 "fraction_disordered": 0.0,
 "has_clash": 0.0,
 "iptm": 0.23,
 "num_recycles": 10.0,
 "ptm": 0.3,
 "ranking_score": 0.24
}