{
 "chain_iptm": [
  0.11,
  0.11,
  0.09,
  0.09,
  0.09,
  0.1,
  0.1,
  0.08,
  0.1,
  0.1
 ],
 "chain_pair_iptm": [
  [
   0.8,
   0.45,
   0.08,
   0.06,
   0.06,
   0.07,
   0.06,
   0.06,
   0.07,
   0.08
  ],
  [
   0.45,
   0.8,
   0.06,
   0.06,
   0.06,
   0.08,
   0.08,
   0.06,
   0.06,
   0.07
  ],
  [
   0.08,
   0.06,
   0.8,
   0.06,
   0.32,
   0.08,
   0.07,
   0.05,
   0.07,
   0.06
  ],
  [
   0.06,
   0.06,
   0.06,
   0.8,
   0.06,
   0.06,
   0.09,
   0.25,
   0.07,
   0.06
  ],
  [
   0.06,
   0.06,
   0.32,
   0.06,
   0.8,
   0.09,
   0.08,
   0.05,
   0.07,
   0.05
  ],
  [
   0.07,
   0.08,
   0.08,
   0.06,
   0.09,
   0.8,
   0.35,
   0.06,
   0.05,
   0.05
  ],
  [
   0.06,
   0.08,
   0.07,
   0.09,
   0.08,
   0.35,
   0.8,
   0.08,
   0.05,
   0.05
  ],
  [
   0.06,
   0.06,
   0.05,
   0.25,
   0.05,
   0.06,
   0.08,
   0.8,
   0.06,
   0.07
  ],
  [
   0.07,
   0.06,
   0.07,
   0.07,
   0.07,
   0.05,
   0.05,
   0.06,
   0.8,
   0.37
  ],
  [
   0.08,
   0.07,
   0.06,
   0.06,
   0.05,
   0.05,
   0.05,
   0.07,
   0.37,
   0.8
  ]
 ],
 "chain_pair_pae_min": [
  [
   0.76,
   8.25,
   21.93,
   27.49,
   26.8,
   23.46,
   26.07,
   25.7,
   26.05,
   22.62
  ],
  [
   7.84,
   0.76,
   24.3,
   27.43,
   27.34,
   22.88,
   24.93,
   25.13,
   27.18,
   24.59
  ],
  [
   22.64,
   26.05,
   0.76,
   26.26,
   15.24,
   22.43,
   24.09,
   28.03,
   24.78,
   26.23
  ],
  [
   26.9,
   26.97,
   26.97,
   0.76,
   24.41,
   26.53,
   21.81,
   18.3,
   25.76,
   26.04
  ],
  [
   25.64,
   27.45,
   14.85,
   25.72,
   0.76,
   21.27,
   22.85,
   27.64,
   24.42,
   26.94
  ],
  [
   25.39,
   23.43,
   24.08,
   25.17,
   21.14,
   0.76,
   10.4,
   24.05,
   28.19,
   28.0
  ],
  [
   26.74,
   24.55,
   25.6,
   22.82,
   21.82,
   12.21,
   0.76,
   22.4,
   27.35,
   27.89
  ],
  [
   27.31,
   26.27,
   28.37,
   17.5,
   26.28,
   25.76,
   20.49,
   0.76,
   24.38,
   23.66
  ],
  [
   25.65,
   27.67,
   26.15,
   26.04,
   25.41,
   27.97,
   27.25,
   24.21,
   0.76,
   10.59
  ],
  [
   24.07,
   26.56,
   27.11,
   27.04,
   26.92,
   27.76,
   27.69,
   22.49,
   10.33,
   0.76
  ]
 ],
 "chain_ptm": [
  0.8,
  0.8,
  0.8,
  0.8,
  0.8,
  0.8,
  0.8,
  0.8,
  0.8,
  0.8
 ],
 "fraction_disordered": 0.0,
 "has_clash": 0.0,
 "iptm": 0.22,
 "num_recycles": 10.0,
 "ptm": 0.29,
 "ranking_score": 0.23
}