{
 "chain_iptm": [
  0.15,
  0.14,
  0.13,
  0.14,
  0.12,
  0.13,
  0.14,
  0.14,
  0.12,
  0.12
 ],
 "chain_pair_iptm": [
  [
   0.81,
   0.48,
   0.11,
   0.18,
   0.06,
   0.07,
   0.14,
   0.12,
   0.11,
   0.08
  ],
  [
   0.48,
   0.81,
   0.09,
   0.15,
   0.06,
   0.06,
   0.1,
   0.09,
   0.13,
   0.09
  ],
  [
   0.11,
   0.09,
   0.81,
   0.43,
   0.14,
   0.12,
   0.12,
   0.09,
   0.06,
   0.06
  ],
  [
   0.18,
   0.15,
   0.43,
   0.81,
   0.09,
   0.08,
   0.14,
   0.1,
   0.07,
   0.06
  ],
  [
   0.06,
   0.06,
   0.14,
   0.09,
   0.81,
   0.4,
   0.08,
   0.09,
   0.07,
   0.1
  ],
  [
   0.07,
   0.06,
   0.12,
   0.08,
   0.4,
   0.8,
   0.12,
   0.12,
   0.08,
   0.11
  ],
  [
   0.14,
   0.1,
   0.12,
   0.14,
   0.08,
   0.12,
   0.81,
   0.4,
   0.08,
   0.08
  ],
  [
   0.12,
   0.09,
   0.09,
   0.1,
   0.09,
   0.12,
   0.4,
   0.8,
   0.11,
   0.13
  ],
  [
   0.11,
   0.13,
   0.06,
   0.07,
   0.07,
   0.08,
   0.08,
   0.11,
   0.81,
   0.4
  ],
  [
   0.08,
   0.09,
   0.06,
   0.06,
   0.1,
   0.11,
   0.08,
   0.13,
   0.4,
   0.8
  ]
 ],
 "chain_pair_pae_min": [
  [
   0.76,
   6.73,
   22.88,
   15.97,
   26.41,
   25.05,
   19.21,
   20.73,
   21.46,
   24.45
  ],
  [
   6.69,
   0.76,
   24.03,
   17.3,
   27.08,
   26.42,
   21.7,
   23.15,
   20.32,
   24.21
  ],
  [
   20.45,
   22.76,
   0.76,
   8.73,
   18.52,
   20.56,
   20.83,
   23.72,
   26.48,
   26.03
  ],
  [
   15.99,
   17.49,
   8.78,
   0.76,
   21.89,
   23.47,
   18.93,
   23.23,
   25.75,
   26.5
  ],
  [
   27.01,
   27.17,
   18.11,
   24.3,
   0.76,
   10.07,
   23.24,
   22.0,
   25.2,
   20.96
  ],
  [
   26.51,
   27.28,
   19.22,
   24.61,
   9.68,
   0.76,
   17.68,
   17.39,
   24.59,
   20.07
  ],
  [
   19.0,
   24.13,
   21.62,
   19.15,
   24.78,
   18.91,
   0.76,
   9.51,
   23.46,
   22.51
  ],
  [
   21.05,
   25.06,
   24.31,
   22.83,
   25.1,
   18.62,
   9.58,
   0.76,
   18.03,
   17.23
  ],
  [
   22.03,
   20.71,
   27.17,
   25.88,
   25.17,
   22.97,
   24.47,
   18.89,
   0.76,
   9.81
  ],
  [
   24.79,
   24.15,
   26.39,
   26.94,
   21.11,
   19.65,
   24.6,
   18.79,
   9.6,
   0.76
  ]
 ],
 "chain_ptm": [
  0.81,
  0.81,
  0.81,
  0.81,
  0.81,
  0.8,
  0.81,
  0.8,
  0.81,
  0.8
 ],
 "fraction_disordered": 0.0,
 "has_clash": 0.0,
 "iptm": 0.27,
 "num_recycles": 10.0,
 "ptm": 0.34,
 "ranking_score": 0.29
}