{
 "chain_iptm": [
  0.06,
  0.06,
  0.06,
  0.06,
  0.06,
  0.06
 ],
 "chain_pair_iptm": [
  [
   0.86,
   0.08,
   0.07,
   0.07,
   0.06,
   0.05
  ],
  [
   0.08,
   0.86,
   0.07,
   0.05,
   0.06,
   0.06
  ],
  [
   0.07,
   0.07,
   0.86,
   0.06,
   0.05,
   0.06
  ],
  [
   0.07,
   0.05,
   0.06,
   0.86,
   0.07,
   0.07
  ],
  [
   0.06,
   0.06,
   0.05,
   0.07,
   0.86,
   0.07
  ],
  [
   0.05,
   0.06,
   0.06,
   0.07,
   0.07,
   0.86
  ]
 ],
 "chain_pair_pae_min": [
  [
   0.76,
   19.75,
   20.04,
   20.56,
   22.84,
   22.83
  ],
  [
   19.83,
   0.76,
   20.01,
   22.0,
   21.68,
   23.39
  ],
  [
   20.28,
   20.26,
   0.76,
   22.02,
   22.15,
   21.87
  ],
  [
   20.65,
   22.09,
   21.7,
   0.76,
   21.27,
   22.42
  ],
  [
   22.75,
   21.76,
   22.39,
   21.28,
   0.76,
   21.84
  ],
  [
   22.73,
   23.34,
   21.88,
   22.09,
   21.74,
   0.76
  ]
 ],
 "chain_ptm": [
  0.86,
  0.86,
  0.86,
  0.86,
  0.86,
  0.86
 ],
 "fraction_disordered": 0.0,
 "has_clash": 0.0,
 "iptm": 0.13,
 "num_recycles": 10.0,
 "ptm": 0.27,
 "ranking_score": 0.16
}