{
 "chain_iptm": [
  0.06,
  0.06,
  0.06,
  0.06,
  0.06,
  0.06
 ],
 "chain_pair_iptm": [
  [
   0.86,
   0.08,
   0.06,
   0.07,
   0.07,
   0.05
  ],
  [
   0.08,
   0.85,
   0.08,
   0.06,
   0.05,
   0.06
  ],
  [
   0.06,
   0.08,
   0.86,
   0.07,
   0.05,
   0.06
  ],
  [
   0.07,
   0.06,
   0.07,
   0.85,
   0.06,
   0.05
  ],
  [
   0.07,
   0.05,
   0.05,
   0.06,
   0.85,
   0.06
  ],
  [
   0.05,
   0.06,
   0.06,
   0.05,
   0.06,
   0.85
  ]
 ],
 "chain_pair_pae_min": [
  [
   0.76,
   18.76,
   22.13,
   21.04,
   21.93,
   23.96
  ],
  [
   18.56,
   0.76,
   19.18,
   21.19,
   23.49,
   23.67
  ],
  [
   21.88,
   18.56,
   0.76,
   20.56,
   23.76,
   22.74
  ],
  [
   21.27,
   21.55,
   21.38,
   0.76,
   21.56,
   23.09
  ],
  [
   21.6,
   23.22,
   23.78,
   21.74,
   0.76,
   21.16
  ],
  [
   23.11,
   23.61,
   22.02,
   22.74,
   21.95,
   0.76
  ]
 ],
 "chain_ptm": [
  0.86,
  0.85,
  0.86,
  0.85,
  0.85,
  0.85
 ],
 "fraction_disordered": 0.0,
 "has_clash": 0.0,
 "iptm": 0.13,
 "num_recycles": 10.0,
 "ptm": 0.27,
 "ranking_score": 0.16
}