{
 "chain_iptm": [
  0.07,
  0.07,
  0.07,
  0.07,
  0.06,
  0.06
 ],
 "chain_pair_iptm": [
  [
   0.86,
   0.07,
   0.06,
   0.08,
   0.07,
   0.06
  ],
  [
   0.07,
   0.86,
   0.07,
   0.07,
   0.05,
   0.06
  ],
  [
   0.06,
   0.07,
   0.86,
   0.08,
   0.07,
   0.07
  ],
  [
   0.08,
   0.07,
   0.08,
   0.86,
   0.05,
   0.05
  ],
  [
   0.07,
   0.05,
   0.07,
   0.05,
   0.86,
   0.06
  ],
  [
   0.06,
   0.06,
   0.07,
   0.05,
   0.06,
   0.86
  ]
 ],
 "chain_pair_pae_min": [
  [
   0.76,
   19.97,
   20.11,
   20.13,
   22.15,
   22.16
  ],
  [
   19.91,
   0.76,
   20.4,
   19.54,
   22.38,
   20.98
  ],
  [
   19.95,
   20.25,
   0.76,
   19.99,
   21.22,
   22.7
  ],
  [
   19.93,
   20.36,
   20.04,
   0.76,
   22.66,
   23.02
  ],
  [
   21.23,
   22.93,
   20.73,
   22.66,
   0.76,
   20.66
  ],
  [
   21.99,
   20.57,
   22.64,
   22.32,
   20.53,
   0.76
  ]
 ],
 "chain_ptm": [
  0.86,
  0.86,
  0.86,
  0.86,
  0.86,
  0.86
 ],
 "fraction_disordered": 0.0,
 "has_clash": 0.0,
 "iptm": 0.14,
 "num_recycles": 10.0,
 "ptm": 0.27,
 "ranking_score": 0.17
}