{
 "chain_iptm": [
  0.06,
  0.07,
  0.06,
  0.07,
  0.07,
  0.07
 ],
 "chain_pair_iptm": [
  [
   0.86,
   0.06,
   0.07,
   0.08,
   0.05,
   0.06
  ],
  [
   0.06,
   0.86,
   0.07,
   0.05,
   0.08,
   0.09
  ],
  [
   0.07,
   0.07,
   0.86,
   0.07,
   0.07,
   0.05
  ],
  [
   0.08,
   0.05,
   0.07,
   0.86,
   0.06,
   0.07
  ],
  [
   0.05,
   0.08,
   0.07,
   0.06,
   0.86,
   0.08
  ],
  [
   0.06,
   0.09,
   0.05,
   0.07,
   0.08,
   0.86
  ]
 ],
 "chain_pair_pae_min": [
  [
   0.76,
   20.1,
   20.38,
   19.17,
   22.74,
   22.7
  ],
  [
   20.31,
   0.76,
   20.89,
   22.44,
   21.77,
   21.85
  ],
  [
   21.16,
   20.24,
   0.76,
   19.51,
   21.93,
   23.36
  ],
  [
   19.91,
   23.01,
   19.78,
   0.76,
   21.36,
   22.47
  ],
  [
   22.38,
   21.37,
   22.38,
   21.66,
   0.76,
   20.35
  ],
  [
   22.41,
   21.15,
   23.21,
   22.24,
   20.18,
   0.76
  ]
 ],
 "chain_ptm": [
  0.86,
  0.86,
  0.86,
  0.86,
  0.86,
  0.86
 ],
 "fraction_disordered": 0.0,
 "has_clash": 0.0,
 "iptm": 0.14,
 "num_recycles": 10.0,
 "ptm": 0.27,
 "ranking_score": 0.16
}