{
 "chain_iptm": [
  0.08,
  0.08,
  0.08,
  0.07,
  0.07,
  0.07
 ],
 "chain_pair_iptm": [
  [
   0.86,
   0.1,
   0.09,
   0.06,
   0.07,
   0.06
  ],
  [
   0.1,
   0.86,
   0.09,
   0.08,
   0.07,
   0.05
  ],
  [
   0.09,
   0.09,
   0.86,
   0.07,
   0.06,
   0.07
  ],
  [
   0.06,
   0.08,
   0.07,
   0.85,
   0.08,
   0.08
  ],
  [
   0.07,
   0.07,
   0.06,
   0.08,
   0.86,
   0.08
  ],
  [
   0.06,
   0.05,
   0.07,
   0.08,
   0.08,
   0.85
  ]
 ],
 "chain_pair_pae_min": [
  [
   0.76,
   18.34,
   18.73,
   22.18,
   20.78,
   22.04
  ],
  [
   17.81,
   0.76,
   19.09,
   20.32,
   21.16,
   23.11
  ],
  [
   19.81,
   18.64,
   0.76,
   19.6,
   22.15,
   21.55
  ],
  [
   22.07,
   20.44,
   20.07,
   0.76,
   20.64,
   21.04
  ],
  [
   21.38,
   21.33,
   22.04,
   19.89,
   0.76,
   21.15
  ],
  [
   22.08,
   22.84,
   21.78,
   21.54,
   20.46,
   0.76
  ]
 ],
 "chain_ptm": [
  0.86,
  0.86,
  0.86,
  0.85,
  0.86,
  0.85
 ],
 "fraction_disordered": 0.0,
 "has_clash": 0.0,
 "iptm": 0.15,
 "num_recycles": 10.0,
 "ptm": 0.28,
 "ranking_score": 0.18
}