{
 "chain_iptm": [
  0.04,
  0.04,
  0.04,
  0.04,
  0.04,
  0.04,
  0.04,
  0.04,
  0.04
 ],
 "chain_pair_iptm": [
  [
   0.84,
   0.05,
   0.04,
   0.06,
   0.04,
   0.04,
   0.04,
   0.04,
   0.04
  ],
  [
   0.05,
   0.85,
   0.06,
   0.05,
   0.05,
   0.04,
   0.04,
   0.03,
   0.04
  ],
  [
   0.04,
   0.06,
   0.84,
   0.05,
   0.05,
   0.06,
   0.04,
   0.04,
   0.04
  ],
  [
   0.06,
   0.05,
   0.05,
   0.85,
   0.04,
   0.05,
   0.04,
   0.05,
   0.03
  ],
  [
   0.04,
   0.05,
   0.05,
   0.04,
   0.85,
   0.05,
   0.06,
   0.04,
   0.05
  ],
  [
   0.04,
   0.04,
   0.06,
   0.05,
   0.05,
   0.84,
   0.05,
   0.04,
   0.04
  ],
  [
   0.04,
   0.04,
   0.04,
   0.04,
   0.06,
   0.05,
   0.84,
   0.05,
   0.06
  ],
  [
   0.04,
   0.03,
   0.04,
   0.05,
   0.04,
   0.04,
   0.05,
   0.84,
   0.04
  ],
  [
   0.04,
   0.04,
   0.04,
   0.03,
   0.05,
   0.04,
   0.06,
   0.04,
   0.84
  ]
 ],
 "chain_pair_pae_min": [
  [
   0.76,
   24.57,
   27.45,
   22.59,
   28.12,
   27.36,
   27.88,
   26.94,
   28.45
  ],
  [
   23.26,
   0.76,
   22.65,
   24.75,
   25.12,
   26.72,
   28.36,
   28.92,
   28.45
  ],
  [
   26.89,
   23.32,
   0.76,
   24.28,
   25.36,
   23.01,
   27.5,
   28.21,
   28.88
  ],
  [
   23.29,
   24.5,
   24.41,
   0.76,
   28.65,
   24.85,
   27.57,
   26.48,
   29.32
  ],
  [
   28.46,
   25.61,
   25.52,
   28.27,
   0.76,
   23.82,
   23.09,
   28.39,
   25.59
  ],
  [
   28.04,
   27.34,
   23.78,
   24.64,
   24.5,
   0.76,
   24.59,
   26.78,
   28.94
  ],
  [
   28.09,
   28.29,
   28.0,
   27.91,
   23.01,
   25.16,
   0.76,
   25.34,
   24.03
  ],
  [
   26.58,
   28.36,
   27.92,
   26.04,
   27.95,
   26.15,
   25.23,
   0.76,
   24.88
  ],
  [
   27.71,
   28.21,
   28.56,
   28.69,
   25.2,
   28.25,
   23.1,
   24.44,
   0.76
  ]
 ],
 "chain_ptm": [
  0.84,
  0.85,
  0.84,
  0.85,
  0.85,
  0.84,
  0.84,
  0.84,
  0.84
 ],
 "fraction_disordered": 0.0,
 "has_clash": 0.0,
 "iptm": 0.13,
 "num_recycles": 10.0,
 "ptm": 0.22,
 "ranking_score": 0.14
}