{
 "chain_iptm": [
  0.05,
  0.05,
  0.05,
  0.05,
  0.05,
  0.05,
  0.05,
  0.05,
  0.05
 ],
 "chain_pair_iptm": [
  [
   0.85,
   0.06,
   0.04,
   0.05,
   0.06,
   0.04,
   0.05,
   0.04,
   0.05
  ],
  [
   0.06,
   0.84,
   0.06,
   0.08,
   0.06,
   0.04,
   0.04,
   0.04,
   0.04
  ],
  [
   0.04,
   0.06,
   0.85,
   0.06,
   0.07,
   0.06,
   0.04,
   0.04,
   0.04
  ],
  [
   0.05,
   0.08,
   0.06,
   0.85,
   0.04,
   0.04,
   0.04,
   0.05,
   0.05
  ],
  [
   0.06,
   0.06,
   0.07,
   0.04,
   0.85,
   0.05,
   0.05,
   0.04,
   0.04
  ],
  [
   0.04,
   0.04,
   0.06,
   0.04,
   0.05,
   0.85,
   0.05,
   0.07,
   0.04
  ],
  [
   0.05,
   0.04,
   0.04,
   0.04,
   0.05,
   0.05,
   0.84,
   0.05,
   0.06
  ],
  [
   0.04,
   0.04,
   0.04,
   0.05,
   0.04,
   0.07,
   0.05,
   0.84,
   0.05
  ],
  [
   0.05,
   0.04,
   0.04,
   0.05,
   0.04,
   0.04,
   0.06,
   0.05,
   0.84
  ]
 ],
 "chain_pair_pae_min": [
  [
   0.76,
   20.77,
   25.14,
   22.77,
   23.53,
   26.57,
   23.94,
   27.34,
   26.4
  ],
  [
   20.87,
   0.76,
   21.33,
   19.99,
   22.87,
   25.74,
   26.61,
   26.69,
   26.95
  ],
  [
   26.06,
   20.94,
   0.76,
   23.44,
   20.99,
   24.24,
   26.82,
   25.75,
   27.87
  ],
  [
   23.49,
   19.99,
   23.04,
   0.76,
   26.19,
   26.51,
   26.96,
   26.11,
   25.94
  ],
  [
   23.89,
   23.3,
   21.01,
   26.15,
   0.76,
   24.13,
   25.02,
   26.28,
   27.92
  ],
  [
   26.91,
   26.09,
   24.26,
   26.91,
   23.03,
   0.76,
   24.25,
   22.09,
   26.94
  ],
  [
   24.05,
   26.7,
   26.64,
   27.04,
   25.24,
   23.36,
   0.76,
   23.93,
   24.01
  ],
  [
   27.23,
   26.32,
   25.97,
   26.1,
   26.0,
   21.89,
   23.45,
   0.76,
   24.12
  ],
  [
   25.87,
   25.97,
   27.27,
   25.37,
   27.21,
   26.01,
   24.34,
   23.56,
   0.76
  ]
 ],
 "chain_ptm": [
  0.85,
  0.84,
  0.85,
  0.85,
  0.85,
  0.85,
  0.84,
  0.84,
  0.84
 ],
 "fraction_disordered": 0.0,
 "has_clash": 0.0,
 "iptm": 0.15,
 "num_recycles": 10.0,
 "ptm": 0.24,
 "ranking_score": 0.16
}