{
 "chain_iptm": [
  0.05,
  0.05,
  0.05,
  0.05,
  0.05,
  0.05,
  0.05,
  0.05,
  0.05
 ],
 "chain_pair_iptm": [
  [
   0.84,
   0.05,
   0.07,
   0.06,
   0.05,
   0.05,
   0.04,
   0.04,
   0.06
  ],
  [
   0.05,
   0.84,
   0.08,
   0.07,
   0.06,
   0.05,
   0.05,
   0.04,
   0.04
  ],
  [
   0.07,
   0.08,
   0.84,
   0.06,
   0.05,
   0.04,
   0.05,
   0.05,
   0.04
  ],
  [
   0.06,
   0.07,
   0.06,
   0.84,
   0.06,
   0.06,
   0.04,
   0.04,
   0.05
  ],
  [
   0.05,
   0.06,
   0.05,
   0.06,
   0.84,
   0.06,
   0.06,
   0.05,
   0.05
  ],
  [
   0.05,
   0.05,
   0.04,
   0.06,
   0.06,
   0.84,
   0.04,
   0.04,
   0.06
  ],
  [
   0.04,
   0.05,
   0.05,
   0.04,
   0.06,
   0.04,
   0.84,
   0.06,
   0.04
  ],
  [
   0.04,
   0.04,
   0.05,
   0.04,
   0.05,
   0.04,
   0.06,
   0.84,
   0.06
  ],
  [
   0.06,
   0.04,
   0.04,
   0.05,
   0.05,
   0.06,
   0.04,
   0.06,
   0.84
  ]
 ],
 "chain_pair_pae_min": [
  [
   0.76,
   22.79,
   20.46,
   20.59,
   24.11,
   23.45,
   25.69,
   25.27,
   24.48
  ],
  [
   22.68,
   0.76,
   19.71,
   20.45,
   22.63,
   23.88,
   23.88,
   26.19,
   26.9
  ],
  [
   20.77,
   20.35,
   0.76,
   19.73,
   23.55,
   25.07,
   23.63,
   25.37,
   26.21
  ],
  [
   21.57,
   20.79,
   20.92,
   0.76,
   21.92,
   21.84,
   25.5,
   26.29,
   25.61
  ],
  [
   24.92,
   21.68,
   24.15,
   21.17,
   0.76,
   21.5,
   22.53,
   23.14,
   24.48
  ],
  [
   23.87,
   23.5,
   25.15,
   22.34,
   21.63,
   0.76,
   25.11,
   24.37,
   23.27
  ],
  [
   25.87,
   23.81,
   23.98,
   25.13,
   22.26,
   24.76,
   0.76,
   21.85,
   25.15
  ],
  [
   25.35,
   25.68,
   25.01,
   25.92,
   23.18,
   25.02,
   21.72,
   0.76,
   22.22
  ],
  [
   24.34,
   26.15,
   25.82,
   24.88,
   23.54,
   23.23,
   25.54,
   22.55,
   0.76
  ]
 ],
 "chain_ptm": [
  0.84,
  0.84,
  0.84,
  0.84,
  0.84,
  0.84,
  0.84,
  0.84,
  0.84
 ],
 "fraction_disordered": 0.0,
 "has_clash": 0.0,
 "iptm": 0.15,
 "num_recycles": 10.0,
 "ptm": 0.24,
 "ranking_score": 0.17
}