{
 "chain_iptm": [
  0.04,
  0.05,
  0.05,
  0.05,
  0.05,
  0.05,
  0.05,
  0.04,
  0.05
 ],
 "chain_pair_iptm": [
  [
   0.84,
   0.05,
   0.06,
   0.04,
   0.04,
   0.04,
   0.04,
   0.04,
   0.04
  ],
  [
   0.05,
   0.84,
   0.05,
   0.07,
   0.04,
   0.04,
   0.04,
   0.04,
   0.04
  ],
  [
   0.06,
   0.05,
   0.84,
   0.06,
   0.06,
   0.04,
   0.05,
   0.04,
   0.04
  ],
  [
   0.04,
   0.07,
   0.06,
   0.84,
   0.05,
   0.05,
   0.04,
   0.05,
   0.04
  ],
  [
   0.04,
   0.04,
   0.06,
   0.05,
   0.84,
   0.05,
   0.05,
   0.04,
   0.04
  ],
  [
   0.04,
   0.04,
   0.04,
   0.05,
   0.05,
   0.84,
   0.05,
   0.07,
   0.06
  ],
  [
   0.04,
   0.04,
   0.05,
   0.04,
   0.05,
   0.05,
   0.85,
   0.04,
   0.07
  ],
  [
   0.04,
   0.04,
   0.04,
   0.05,
   0.04,
   0.07,
   0.04,
   0.84,
   0.05
  ],
  [
   0.04,
   0.04,
   0.04,
   0.04,
   0.04,
   0.06,
   0.07,
   0.05,
   0.84
  ]
 ],
 "chain_pair_pae_min": [
  [
   0.76,
   22.72,
   22.31,
   25.31,
   26.39,
   27.74,
   26.9,
   28.34,
   27.33
  ],
  [
   22.5,
   0.76,
   21.43,
   19.96,
   25.81,
   25.8,
   27.87,
   27.41,
   28.36
  ],
  [
   22.39,
   23.64,
   0.76,
   21.38,
   23.35,
   26.72,
   26.31,
   28.39,
   27.96
  ],
  [
   25.54,
   20.71,
   20.97,
   0.76,
   24.32,
   24.66,
   27.67,
   26.44,
   28.48
  ],
  [
   26.76,
   26.93,
   23.02,
   24.53,
   0.76,
   23.81,
   23.81,
   27.16,
   26.26
  ],
  [
   28.05,
   26.04,
   26.88,
   24.64,
   22.39,
   0.76,
   24.27,
   22.24,
   25.03
  ],
  [
   26.67,
   27.96,
   26.48,
   27.36,
   23.04,
   24.44,
   0.76,
   26.47,
   21.8
  ],
  [
   28.09,
   26.6,
   27.31,
   25.9,
   26.03,
   21.78,
   26.24,
   0.76,
   24.42
  ],
  [
   27.02,
   28.14,
   27.68,
   27.9,
   25.4,
   24.46,
   21.77,
   24.42,
   0.76
  ]
 ],
 "chain_ptm": [
  0.84,
  0.84,
  0.84,
  0.84,
  0.84,
  0.84,
  0.85,
  0.84,
  0.84
 ],
 "fraction_disordered": 0.0,
 "has_clash": 0.0,
 "iptm": 0.14,
 "num_recycles": 10.0,
 "ptm": 0.23,
 "ranking_score": 0.15
}