{
 "chain_iptm": [
  0.06,
  0.05,
  0.06,
  0.05,
  0.05,
  0.05,
  0.05,
  0.05,
  0.05
 ],
 "chain_pair_iptm": [
  [
   0.84,
   0.07,
   0.07,
   0.06,
   0.06,
   0.05,
   0.04,
   0.05,
   0.04
  ],
  [
   0.07,
   0.85,
   0.05,
   0.05,
   0.06,
   0.05,
   0.04,
   0.05,
   0.04
  ],
  [
   0.07,
   0.05,
   0.84,
   0.06,
   0.08,
   0.05,
   0.05,
   0.04,
   0.04
  ],
  [
   0.06,
   0.05,
   0.06,
   0.85,
   0.05,
   0.07,
   0.06,
   0.04,
   0.04
  ],
  [
   0.06,
   0.06,
   0.08,
   0.05,
   0.85,
   0.04,
   0.06,
   0.04,
   0.05
  ],
  [
   0.05,
   0.05,
   0.05,
   0.07,
   0.04,
   0.85,
   0.07,
   0.05,
   0.05
  ],
  [
   0.04,
   0.04,
   0.05,
   0.06,
   0.06,
   0.07,
   0.85,
   0.04,
   0.06
  ],
  [
   0.05,
   0.05,
   0.04,
   0.04,
   0.04,
   0.05,
   0.04,
   0.84,
   0.06
  ],
  [
   0.04,
   0.04,
   0.04,
   0.04,
   0.05,
   0.05,
   0.06,
   0.06,
   0.84
  ]
 ],
 "chain_pair_pae_min": [
  [
   0.76,
   18.92,
   20.75,
   22.31,
   20.25,
   25.21,
   25.67,
   26.11,
   27.01
  ],
  [
   18.49,
   0.76,
   23.51,
   23.34,
   22.36,
   25.29,
   25.84,
   24.7,
   26.17
  ],
  [
   19.43,
   23.3,
   0.76,
   22.05,
   20.17,
   25.4,
   24.06,
   26.87,
   25.8
  ],
  [
   22.24,
   24.16,
   21.67,
   0.76,
   23.95,
   21.84,
   22.81,
   25.04,
   26.26
  ],
  [
   20.57,
   23.52,
   20.37,
   25.05,
   0.76,
   26.68,
   24.44,
   26.57,
   25.28
  ],
  [
   25.08,
   25.0,
   25.25,
   21.77,
   26.68,
   0.76,
   20.24,
   23.25,
   23.84
  ],
  [
   25.52,
   26.2,
   24.3,
   23.43,
   24.37,
   20.57,
   0.76,
   24.94,
   22.02
  ],
  [
   25.36,
   24.04,
   26.43,
   25.2,
   25.82,
   23.33,
   25.36,
   0.76,
   22.78
  ],
  [
   26.02,
   25.96,
   25.18,
   26.04,
   24.99,
   23.25,
   21.26,
   23.04,
   0.76
  ]
 ],
 "chain_ptm": [
  0.84,
  0.85,
  0.84,
  0.85,
  0.85,
  0.85,
  0.85,
  0.84,
  0.84
 ],
 "fraction_disordered": 0.0,
 "has_clash": 0.0,
 "iptm": 0.15,
 "num_recycles": 10.0,
 "ptm": 0.24,
 "ranking_score": 0.17
}