{
 "chain_iptm": [
  0.07,
  0.07,
  0.07,
  0.06,
  0.07
 ],
 "chain_pair_iptm": [
  [
   0.78,
   0.1,
   0.05,
   0.05,
   0.06
  ],
  [
   0.1,
   0.77,
   0.07,
   0.06,
   0.05
  ],
  [
   0.05,
   0.07,
   0.77,
   0.06,
   0.08
  ],
  [
   0.05,
   0.06,
   0.06,
   0.77,
   0.06
  ],
  [
   0.06,
   0.05,
   0.08,
   0.06,
   0.77
  ]
 ],
 "chain_pair_pae_min": [
  [
   0.76,
   18.84,
   22.94,
   24.07,
   22.46
  ],
  [
   18.55,
   0.76,
   20.65,
   21.98,
   23.48
  ],
  [
   23.16,
   19.96,
   0.76,
   22.25,
   22.02
  ],
  [
   24.28,
   21.76,
   21.74,
   0.76,
   20.7
  ],
  [
   22.35,
   23.17,
   21.37,
   20.79,
   0.76
  ]
 ],
 "chain_ptm": [
  0.78,
  0.77,
  0.77,
  0.77,
  0.77
 ],
 "fraction_disordered": 0.0,
 "has_clash": 0.0,
 "iptm": 0.12,
 "num_recycles": 10.0,
 "ptm": 0.28,
 "ranking_score": 0.15
}