{
 "chain_iptm": [
  0.05,
  0.05,
  0.05,
  0.05,
  0.05
 ],
 "chain_pair_iptm": [
  [
   0.78,
   0.05,
   0.06,
   0.04,
   0.04
  ],
  [
   0.05,
   0.78,
   0.04,
   0.05,
   0.05
  ],
  [
   0.06,
   0.04,
   0.78,
   0.05,
   0.05
  ],
  [
   0.04,
   0.05,
   0.05,
   0.78,
   0.06
  ],
  [
   0.04,
   0.05,
   0.05,
   0.06,
   0.78
  ]
 ],
 "chain_pair_pae_min": [
  [
   0.76,
   24.37,
   22.23,
   26.2,
   26.31
  ],
  [
   24.2,
   0.76,
   26.06,
   24.6,
   23.11
  ],
  [
   21.93,
   26.01,
   0.76,
   24.61,
   24.58
  ],
  [
   25.92,
   24.66,
   23.79,
   0.76,
   24.24
  ],
  [
   26.3,
   23.16,
   24.84,
   23.55,
   0.76
  ]
 ],
 "chain_ptm": [
  0.78,
  0.78,
  0.78,
  0.78,
  0.78
 ],
 "fraction_disordered": 0.0,
 "has_clash": 0.0,
 "iptm": 0.1,
 "num_recycles": 10.0,
 "ptm": 0.26,
 "ranking_score": 0.13
}