{
 "chain_iptm": [
  0.07,
  0.07,
  0.07,
  0.07,
  0.07
 ],
 "chain_pair_iptm": [
  [
   0.78,
   0.07,
   0.07,
   0.07,
   0.06
  ],
  [
   0.07,
   0.78,
   0.07,
   0.07,
   0.07
  ],
  [
   0.07,
   0.07,
   0.78,
   0.07,
   0.06
  ],
  [
   0.07,
   0.07,
   0.07,
   0.78,
   0.07
  ],
  [
   0.06,
   0.07,
   0.06,
   0.07,
   0.79
  ]
 ],
 "chain_pair_pae_min": [
  [
   0.76,
   16.92,
   18.3,
   20.36,
   21.81
  ],
  [
   16.9,
   0.76,
   18.87,
   20.26,
   18.16
  ],
  [
   18.31,
   19.62,
   0.76,
   19.39,
   21.3
  ],
  [
   19.92,
   20.47,
   18.8,
   0.76,
   19.29
  ],
  [
   21.35,
   17.78,
   20.44,
   19.51,
   0.76
  ]
 ],
 "chain_ptm": [
  0.78,
  0.78,
  0.78,
  0.78,
  0.79
 ],
 "fraction_disordered": 0.0,
 "has_clash": 0.0,
 "iptm": 0.13,
 "num_recycles": 10.0,
 "ptm": 0.28,
 "ranking_score": 0.16
}