{
 "chain_iptm": [
  0.05,
  0.05,
  0.05,
  0.05,
  0.05
 ],
 "chain_pair_iptm": [
  [
   0.79,
   0.07,
   0.04,
   0.04,
   0.05
  ],
  [
   0.07,
   0.78,
   0.05,
   0.04,
   0.04
  ],
  [
   0.04,
   0.05,
   0.78,
   0.04,
   0.04
  ],
  [
   0.04,
   0.04,
   0.04,
   0.78,
   0.06
  ],
  [
   0.05,
   0.04,
   0.04,
   0.06,
   0.79
  ]
 ],
 "chain_pair_pae_min": [
  [
   0.76,
   21.56,
   26.37,
   26.7,
   24.03
  ],
  [
   21.59,
   0.76,
   22.63,
   26.66,
   27.32
  ],
  [
   25.76,
   22.45,
   0.76,
   26.63,
   26.62
  ],
  [
   27.0,
   26.63,
   26.34,
   0.76,
   22.44
  ],
  [
   23.82,
   26.83,
   26.49,
   22.67,
   0.76
  ]
 ],
 "chain_ptm": [
  0.79,
  0.78,
  0.78,
  0.78,
  0.79
 ],
 "fraction_disordered": 0.0,
 "has_clash": 0.0,
 "iptm": 0.1,
 "num_recycles": 10.0,
 "ptm": 0.26,
 "ranking_score": 0.13
}