{
 "chain_iptm": [
  0.06,
  0.06,
  0.06,
  0.06,
  0.06
 ],
 "chain_pair_iptm": [
  [
   0.79,
   0.08,
   0.06,
   0.05,
   0.06
  ],
  [
   0.08,
   0.78,
   0.05,
   0.06,
   0.05
  ],
  [
   0.06,
   0.05,
   0.78,
   0.07,
   0.05
  ],
  [
   0.05,
   0.06,
   0.07,
   0.78,
   0.07
  ],
  [
   0.06,
   0.05,
   0.05,
   0.07,
   0.78
  ]
 ],
 "chain_pair_pae_min": [
  [
   0.76,
   21.48,
   21.46,
   23.06,
   22.67
  ],
  [
   21.65,
   0.76,
   23.66,
   21.98,
   23.06
  ],
  [
   22.86,
   23.38,
   0.76,
   19.9,
   23.19
  ],
  [
   23.32,
   22.32,
   20.42,
   0.76,
   21.83
  ],
  [
   22.52,
   22.85,
   23.57,
   21.6,
   0.76
  ]
 ],
 "chain_ptm": [
  0.79,
  0.78,
  0.78,
  0.78,
  0.78
 ],
 "fraction_disordered": 0.0,
 "has_clash": 0.0,
 "iptm": 0.11,
 "num_recycles": 10.0,
 "ptm": 0.27,
 "ranking_score": 0.14
}