{
 "chain_iptm": [
  0.06,
  0.06,
  0.06,
  0.06,
  0.06,
  0.05,
  0.05
 ],
 "chain_pair_iptm": [
  [
   0.86,
   0.08,
   0.06,
   0.06,
   0.06,
   0.05,
   0.04
  ],
  [
   0.08,
   0.86,
   0.07,
   0.05,
   0.05,
   0.05,
   0.05
  ],
  [
   0.06,
   0.07,
   0.86,
   0.07,
   0.05,
   0.05,
   0.05
  ],
  [
   0.06,
   0.05,
   0.07,
   0.86,
   0.06,
   0.05,
   0.05
  ],
  [
   0.06,
   0.05,
   0.05,
   0.06,
   0.86,
   0.06,
   0.06
  ],
  [
   0.05,
   0.05,
   0.05,
   0.05,
   0.06,
   0.86,
   0.05
  ],
  [
   0.04,
   0.05,
   0.05,
   0.05,
   0.06,
   0.05,
   0.86
  ]
 ],
 "chain_pair_pae_min": [
  [
   0.76,
   20.16,
   20.94,
   22.24,
   23.18,
   23.9,
   25.12
  ],
  [
   20.38,
   0.76,
   21.01,
   22.83,
   24.01,
   23.59,
   24.77
  ],
  [
   21.36,
   21.35,
   0.76,
   21.26,
   23.55,
   24.84,
   24.19
  ],
  [
   22.42,
   23.36,
   21.52,
   0.76,
   21.94,
   24.0,
   23.54
  ],
  [
   23.46,
   24.45,
   23.75,
   21.5,
   0.76,
   22.0,
   22.44
  ],
  [
   24.04,
   23.56,
   24.91,
   24.22,
   21.66,
   0.76,
   23.9
  ],
  [
   25.15,
   24.76,
   24.02,
   23.18,
   22.72,
   23.73,
   0.76
  ]
 ],
 "chain_ptm": [
  0.86,
  0.86,
  0.86,
  0.86,
  0.86,
  0.86,
  0.86
 ],
 "fraction_disordered": 0.0,
 "has_clash": 0.0,
 "iptm": 0.13,
 "num_recycles": 10.0,
 "ptm": 0.25,
 "ranking_score": 0.16
}