{
 "chain_iptm": [
  0.06,
  0.06,
  0.06,
  0.06,
  0.06,
  0.06,
  0.06
 ],
 "chain_pair_iptm": [
  [
   0.86,
   0.07,
   0.08,
   0.06,
   0.06,
   0.05,
   0.05
  ],
  [
   0.07,
   0.86,
   0.05,
   0.07,
   0.06,
   0.05,
   0.05
  ],
  [
   0.08,
   0.05,
   0.86,
   0.06,
   0.06,
   0.08,
   0.05
  ],
  [
   0.06,
   0.07,
   0.06,
   0.86,
   0.05,
   0.05,
   0.05
  ],
  [
   0.06,
   0.06,
   0.06,
   0.05,
   0.87,
   0.06,
   0.05
  ],
  [
   0.05,
   0.05,
   0.08,
   0.05,
   0.06,
   0.86,
   0.08
  ],
  [
   0.05,
   0.05,
   0.05,
   0.05,
   0.05,
   0.08,
   0.86
  ]
 ],
 "chain_pair_pae_min": [
  [
   0.76,
   19.61,
   20.88,
   21.68,
   22.53,
   24.03,
   25.67
  ],
  [
   19.9,
   0.76,
   23.05,
   21.93,
   22.04,
   24.51,
   24.28
  ],
  [
   20.83,
   22.7,
   0.76,
   22.22,
   22.99,
   22.14,
   24.39
  ],
  [
   22.16,
   22.24,
   22.07,
   0.76,
   23.76,
   24.55,
   23.18
  ],
  [
   22.64,
   22.39,
   22.84,
   24.29,
   0.76,
   22.4,
   24.66
  ],
  [
   23.56,
   24.35,
   21.48,
   23.95,
   21.94,
   0.76,
   22.88
  ],
  [
   25.3,
   23.88,
   24.53,
   23.43,
   24.1,
   22.36,
   0.76
  ]
 ],
 "chain_ptm": [
  0.86,
  0.86,
  0.86,
  0.86,
  0.87,
  0.86,
  0.86
 ],
 "fraction_disordered": 0.0,
 "has_clash": 0.0,
 "iptm": 0.14,
 "num_recycles": 10.0,
 "ptm": 0.26,
 "ranking_score": 0.16
}