{
 "chain_iptm": [
  0.06,
  0.06,
  0.05,
  0.06,
  0.05,
  0.05,
  0.05
 ],
 "chain_pair_iptm": [
  [
   0.86,
   0.07,
   0.05,
   0.06,
   0.05,
   0.06,
   0.04
  ],
  [
   0.07,
   0.86,
   0.07,
   0.06,
   0.06,
   0.05,
   0.05
  ],
  [
   0.05,
   0.07,
   0.86,
   0.06,
   0.05,
   0.04,
   0.05
  ],
  [
   0.06,
   0.06,
   0.06,
   0.86,
   0.04,
   0.06,
   0.05
  ],
  [
   0.05,
   0.06,
   0.05,
   0.04,
   0.86,
   0.05,
   0.06
  ],
  [
   0.06,
   0.05,
   0.04,
   0.06,
   0.05,
   0.86,
   0.05
  ],
  [
   0.04,
   0.05,
   0.05,
   0.05,
   0.06,
   0.05,
   0.86
  ]
 ],
 "chain_pair_pae_min": [
  [
   0.76,
   21.22,
   23.52,
   22.5,
   23.72,
   23.86,
   25.38
  ],
  [
   21.24,
   0.76,
   21.57,
   22.4,
   22.99,
   24.28,
   25.36
  ],
  [
   23.27,
   21.43,
   0.76,
   21.75,
   22.82,
   24.95,
   24.59
  ],
  [
   22.5,
   22.48,
   22.16,
   0.76,
   24.32,
   23.64,
   24.52
  ],
  [
   23.54,
   23.5,
   22.88,
   24.34,
   0.76,
   22.57,
   23.37
  ],
  [
   23.83,
   24.45,
   25.05,
   23.65,
   22.29,
   0.76,
   23.37
  ],
  [
   25.36,
   25.37,
   24.13,
   24.2,
   23.31,
   23.4,
   0.76
  ]
 ],
 "chain_ptm": [
  0.86,
  0.86,
  0.86,
  0.86,
  0.86,
  0.86,
  0.86
 ],
 "fraction_disordered": 0.0,
 "has_clash": 0.0,
 "iptm": 0.13,
 "num_recycles": 10.0,
 "ptm": 0.25,
 "ranking_score": 0.15
}