{
 "chain_iptm": [
  0.05,
  0.05,
  0.06,
  0.06,
  0.05,
  0.05,
  0.05
 ],
 "chain_pair_iptm": [
  [
   0.86,
   0.06,
   0.07,
   0.06,
   0.04,
   0.04,
   0.05
  ],
  [
   0.06,
   0.87,
   0.05,
   0.06,
   0.05,
   0.05,
   0.04
  ],
  [
   0.07,
   0.05,
   0.87,
   0.06,
   0.04,
   0.06,
   0.05
  ],
  [
   0.06,
   0.06,
   0.06,
   0.86,
   0.05,
   0.06,
   0.04
  ],
  [
   0.04,
   0.05,
   0.04,
   0.05,
   0.86,
   0.06,
   0.05
  ],
  [
   0.04,
   0.05,
   0.06,
   0.06,
   0.06,
   0.86,
   0.05
  ],
  [
   0.05,
   0.04,
   0.05,
   0.04,
   0.05,
   0.05,
   0.86
  ]
 ],
 "chain_pair_pae_min": [
  [
   0.76,
   22.14,
   21.03,
   22.31,
   27.57,
   26.68,
   26.14
  ],
  [
   22.93,
   0.76,
   24.13,
   21.73,
   25.79,
   25.16,
   28.28
  ],
  [
   21.24,
   24.05,
   0.76,
   23.07,
   26.34,
   25.2,
   24.79
  ],
  [
   23.11,
   22.09,
   23.31,
   0.76,
   23.52,
   24.68,
   27.73
  ],
  [
   27.52,
   25.21,
   26.16,
   23.38,
   0.76,
   20.44,
   25.4
  ],
  [
   26.63,
   25.37,
   24.71,
   24.62,
   21.28,
   0.76,
   23.26
  ],
  [
   26.12,
   27.71,
   24.62,
   26.86,
   25.28,
   23.03,
   0.76
  ]
 ],
 "chain_ptm": [
  0.86,
  0.87,
  0.87,
  0.86,
  0.86,
  0.86,
  0.86
 ],
 "fraction_disordered": 0.0,
 "has_clash": 0.0,
 "iptm": 0.13,
 "num_recycles": 10.0,
 "ptm": 0.25,
 "ranking_score": 0.15
}