{
 "chain_iptm": [
  0.06,
  0.06,
  0.05,
  0.06,
  0.05,
  0.05,
  0.05
 ],
 "chain_pair_iptm": [
  [
   0.87,
   0.07,
   0.07,
   0.05,
   0.05,
   0.04,
   0.05
  ],
  [
   0.07,
   0.87,
   0.05,
   0.07,
   0.06,
   0.04,
   0.04
  ],
  [
   0.07,
   0.05,
   0.86,
   0.06,
   0.05,
   0.05,
   0.05
  ],
  [
   0.05,
   0.07,
   0.06,
   0.87,
   0.06,
   0.05,
   0.04
  ],
  [
   0.05,
   0.06,
   0.05,
   0.06,
   0.87,
   0.05,
   0.06
  ],
  [
   0.04,
   0.04,
   0.05,
   0.05,
   0.05,
   0.86,
   0.06
  ],
  [
   0.05,
   0.04,
   0.05,
   0.04,
   0.06,
   0.06,
   0.86
  ]
 ],
 "chain_pair_pae_min": [
  [
   0.76,
   21.16,
   21.27,
   23.56,
   23.82,
   25.17,
   25.1
  ],
  [
   21.21,
   0.76,
   22.77,
   21.6,
   23.38,
   25.18,
   25.81
  ],
  [
   21.61,
   22.96,
   0.76,
   22.31,
   24.57,
   24.6,
   24.98
  ],
  [
   23.86,
   21.8,
   22.33,
   0.76,
   22.58,
   24.31,
   25.56
  ],
  [
   23.9,
   23.5,
   24.71,
   22.4,
   0.76,
   23.18,
   23.97
  ],
  [
   25.08,
   24.99,
   24.33,
   23.62,
   22.78,
   0.76,
   23.37
  ],
  [
   24.71,
   25.43,
   24.74,
   25.2,
   23.73,
   23.3,
   0.76
  ]
 ],
 "chain_ptm": [
  0.87,
  0.87,
  0.86,
  0.87,
  0.87,
  0.86,
  0.86
 ],
 "fraction_disordered": 0.0,
 "has_clash": 0.0,
 "iptm": 0.13,
 "num_recycles": 10.0,
 "ptm": 0.25,
 "ranking_score": 0.15
}