{
 "chain_iptm": [
  0.17,
  0.17,
  0.17,
  0.16,
  0.16,
  0.17,
  0.17,
  0.17
 ],
 "chain_pair_iptm": [
  [
   0.81,
   0.47,
   0.23,
   0.25,
   0.06,
   0.07,
   0.07,
   0.06
  ],
  [
   0.47,
   0.82,
   0.25,
   0.25,
   0.05,
   0.06,
   0.06,
   0.05
  ],
  [
   0.23,
   0.25,
   0.81,
   0.44,
   0.06,
   0.07,
   0.07,
   0.06
  ],
  [
   0.25,
   0.25,
   0.44,
   0.82,
   0.05,
   0.06,
   0.06,
   0.05
  ],
  [
   0.06,
   0.05,
   0.06,
   0.05,
   0.83,
   0.42,
   0.25,
   0.26
  ],
  [
   0.07,
   0.06,
   0.07,
   0.06,
   0.42,
   0.82,
   0.24,
   0.26
  ],
  [
   0.07,
   0.06,
   0.07,
   0.06,
   0.25,
   0.24,
   0.82,
   0.43
  ],
  [
   0.06,
   0.05,
   0.06,
   0.05,
   0.26,
   0.26,
   0.43,
   0.83
  ]
 ],
 "chain_pair_pae_min": [
  [
   0.76,
   8.22,
   14.38,
   16.51,
   28.57,
   25.6,
   25.96,
   28.47
  ],
  [
   8.02,
   0.76,
   14.41,
   14.75,
   29.39,
   26.51,
   26.94,
   29.36
  ],
  [
   14.26,
   14.58,
   0.76,
   9.72,
   28.48,
   25.73,
   25.98,
   28.65
  ],
  [
   16.21,
   14.76,
   9.5,
   0.76,
   29.29,
   27.07,
   26.95,
   29.41
  ],
  [
   26.28,
   29.07,
   26.53,
   28.85,
   0.76,
   9.02,
   15.13,
   14.68
  ],
  [
   25.49,
   28.17,
   25.34,
   28.39,
   9.2,
   0.76,
   13.27,
   14.92
  ],
  [
   25.36,
   28.25,
   25.33,
   28.46,
   15.07,
   13.62,
   0.76,
   9.44
  ],
  [
   26.73,
   29.0,
   26.24,
   29.23,
   14.95,
   14.61,
   8.9,
   0.76
  ]
 ],
 "chain_ptm": [
  0.81,
  0.82,
  0.81,
  0.82,
  0.83,
  0.82,
  0.82,
  0.83
 ],
 "fraction_disordered": 0.0,
 "has_clash": 0.0,
 "iptm": 0.26,
 "num_recycles": 10.0,
 "ptm": 0.35,
 "ranking_score": 0.28
}