{
 "chain_iptm": [
  0.17,
  0.17,
  0.17,
  0.16,
  0.17,
  0.17,
  0.17,
  0.16
 ],
 "chain_pair_iptm": [
  [
   0.81,
   0.45,
   0.24,
   0.24,
   0.08,
   0.07,
   0.06,
   0.07
  ],
  [
   0.45,
   0.82,
   0.25,
   0.25,
   0.06,
   0.05,
   0.05,
   0.06
  ],
  [
   0.24,
   0.25,
   0.81,
   0.42,
   0.07,
   0.07,
   0.07,
   0.07
  ],
  [
   0.24,
   0.25,
   0.42,
   0.82,
   0.06,
   0.05,
   0.05,
   0.06
  ],
  [
   0.08,
   0.06,
   0.07,
   0.06,
   0.82,
   0.42,
   0.25,
   0.23
  ],
  [
   0.07,
   0.05,
   0.07,
   0.05,
   0.42,
   0.83,
   0.27,
   0.24
  ],
  [
   0.06,
   0.05,
   0.07,
   0.05,
   0.25,
   0.27,
   0.83,
   0.42
  ],
  [
   0.07,
   0.06,
   0.07,
   0.06,
   0.23,
   0.24,
   0.42,
   0.82
  ]
 ],
 "chain_pair_pae_min": [
  [
   0.76,
   8.93,
   14.55,
   16.92,
   24.91,
   27.99,
   28.25,
   25.73
  ],
  [
   8.8,
   0.76,
   14.79,
   14.82,
   25.83,
   28.86,
   29.44,
   26.72
  ],
  [
   14.43,
   15.38,
   0.76,
   10.57,
   24.26,
   28.14,
   28.22,
   25.57
  ],
  [
   16.55,
   14.87,
   10.41,
   0.76,
   25.71,
   29.5,
   29.09,
   26.74
  ],
  [
   24.1,
   27.89,
   23.51,
   27.84,
   0.76,
   9.77,
   15.01,
   14.7
  ],
  [
   25.61,
   28.66,
   25.37,
   29.01,
   9.63,
   0.76,
   13.47,
   14.63
  ],
  [
   26.12,
   28.82,
   25.75,
   28.9,
   15.19,
   13.75,
   0.76,
   9.7
  ],
  [
   25.28,
   28.08,
   25.09,
   28.27,
   15.22,
   15.16,
   9.41,
   0.76
  ]
 ],
 "chain_ptm": [
  0.81,
  0.82,
  0.81,
  0.82,
  0.82,
  0.83,
  0.83,
  0.82
 ],
 "fraction_disordered": 0.0,
 "has_clash": 0.0,
 "iptm": 0.26,
 "num_recycles": 10.0,
 "ptm": 0.35,
 "ranking_score": 0.28
}