{
 "chain_iptm": [
  0.14,
  0.14,
  0.14,
  0.13,
  0.13,
  0.13,
  0.13,
  0.13
 ],
 "chain_pair_iptm": [
  [
   0.82,
   0.48,
   0.09,
   0.07,
   0.08,
   0.09,
   0.07,
   0.07
  ],
  [
   0.48,
   0.82,
   0.12,
   0.09,
   0.07,
   0.07,
   0.07,
   0.07
  ],
  [
   0.09,
   0.12,
   0.82,
   0.45,
   0.08,
   0.07,
   0.07,
   0.08
  ],
  [
   0.07,
   0.09,
   0.45,
   0.82,
   0.08,
   0.08,
   0.08,
   0.1
  ],
  [
   0.08,
   0.07,
   0.08,
   0.08,
   0.82,
   0.42,
   0.12,
   0.09
  ],
  [
   0.09,
   0.07,
   0.07,
   0.08,
   0.42,
   0.82,
   0.09,
   0.06
  ],
  [
   0.07,
   0.07,
   0.07,
   0.08,
   0.12,
   0.09,
   0.82,
   0.42
  ],
  [
   0.07,
   0.07,
   0.08,
   0.1,
   0.09,
   0.06,
   0.42,
   0.82
  ]
 ],
 "chain_pair_pae_min": [
  [
   0.76,
   7.83,
   20.75,
   25.09,
   23.87,
   23.45,
   23.68,
   24.44
  ],
  [
   8.01,
   0.76,
   18.66,
   22.98,
   24.4,
   24.37,
   24.18,
   24.24
  ],
  [
   22.95,
   19.18,
   0.76,
   9.81,
   23.03,
   23.32,
   24.33,
   24.48
  ],
  [
   25.14,
   21.54,
   9.04,
   0.76,
   21.29,
   22.73,
   23.28,
   23.11
  ],
  [
   24.64,
   25.23,
   23.78,
   21.4,
   0.76,
   10.14,
   19.08,
   23.2
  ],
  [
   24.18,
   24.72,
   23.86,
   22.71,
   9.74,
   0.76,
   20.77,
   25.73
  ],
  [
   24.57,
   24.99,
   24.92,
   23.88,
   19.31,
   23.2,
   0.76,
   10.21
  ],
  [
   24.84,
   24.36,
   24.45,
   23.82,
   21.81,
   25.43,
   9.33,
   0.76
  ]
 ],
 "chain_ptm": [
  0.82,
  0.82,
  0.82,
  0.82,
  0.82,
  0.82,
  0.82,
  0.82
 ],
 "fraction_disordered": 0.0,
 "has_clash": 0.0,
 "iptm": 0.23,
 "num_recycles": 10.0,
 "ptm": 0.32,
 "ranking_score": 0.25
}