{
 "chain_iptm": [
  0.15,
  0.15,
  0.12,
  0.14,
  0.14,
  0.12,
  0.14,
  0.14
 ],
 "chain_pair_iptm": [
  [
   0.82,
   0.49,
   0.09,
   0.14,
   0.11,
   0.07,
   0.08,
   0.08
  ],
  [
   0.49,
   0.81,
   0.12,
   0.1,
   0.08,
   0.08,
   0.08,
   0.08
  ],
  [
   0.09,
   0.12,
   0.81,
   0.1,
   0.09,
   0.29,
   0.08,
   0.07
  ],
  [
   0.14,
   0.1,
   0.1,
   0.82,
   0.38,
   0.09,
   0.07,
   0.09
  ],
  [
   0.11,
   0.08,
   0.09,
   0.38,
   0.82,
   0.1,
   0.09,
   0.12
  ],
  [
   0.07,
   0.08,
   0.29,
   0.09,
   0.1,
   0.82,
   0.12,
   0.09
  ],
  [
   0.08,
   0.08,
   0.08,
   0.07,
   0.09,
   0.12,
   0.82,
   0.44
  ],
  [
   0.08,
   0.08,
   0.07,
   0.09,
   0.12,
   0.09,
   0.44,
   0.82
  ]
 ],
 "chain_pair_pae_min": [
  [
   0.76,
   7.82,
   18.71,
   18.81,
   22.72,
   23.87,
   23.79,
   23.83
  ],
  [
   7.94,
   0.76,
   18.31,
   20.58,
   24.31,
   23.18,
   23.45,
   23.88
  ],
  [
   19.14,
   16.67,
   0.76,
   18.87,
   21.27,
   14.22,
   22.53,
   25.7
  ],
  [
   19.17,
   21.78,
   17.69,
   0.76,
   11.45,
   21.93,
   23.61,
   23.07
  ],
  [
   21.67,
   24.66,
   21.91,
   11.7,
   0.76,
   18.66,
   19.4,
   19.85
  ],
  [
   24.85,
   23.99,
   15.03,
   22.74,
   16.99,
   0.76,
   16.62,
   20.6
  ],
  [
   24.32,
   24.49,
   24.55,
   23.48,
   20.49,
   16.47,
   0.76,
   9.65
  ],
  [
   23.9,
   24.57,
   25.05,
   22.95,
   20.7,
   19.21,
   8.74,
   0.76
  ]
 ],
 "chain_ptm": [
  0.82,
  0.81,
  0.81,
  0.82,
  0.82,
  0.82,
  0.82,
  0.82
 ],
 "fraction_disordered": 0.0,
 "has_clash": 0.0,
 "iptm": 0.25,
 "num_recycles": 10.0,
 "ptm": 0.33,
 "ranking_score": 0.27
}