{
 "chain_iptm": [
  0.16,
  0.16,
  0.15,
  0.15,
  0.15,
  0.15,
  0.15,
  0.14
 ],
 "chain_pair_iptm": [
  [
   0.79,
   0.56,
   0.1,
   0.08,
   0.11,
   0.09,
   0.09,
   0.08
  ],
  [
   0.56,
   0.79,
   0.13,
   0.1,
   0.1,
   0.08,
   0.08,
   0.08
  ],
  [
   0.1,
   0.13,
   0.79,
   0.51,
   0.09,
   0.08,
   0.08,
   0.09
  ],
  [
   0.08,
   0.1,
   0.51,
   0.79,
   0.08,
   0.09,
   0.09,
   0.11
  ],
  [
   0.11,
   0.1,
   0.09,
   0.08,
   0.79,
   0.47,
   0.1,
   0.07
  ],
  [
   0.09,
   0.08,
   0.08,
   0.09,
   0.47,
   0.8,
   0.12,
   0.1
  ],
  [
   0.09,
   0.08,
   0.08,
   0.09,
   0.1,
   0.12,
   0.79,
   0.48
  ],
  [
   0.08,
   0.08,
   0.09,
   0.11,
   0.07,
   0.1,
   0.48,
   0.79
  ]
 ],
 "chain_pair_pae_min": [
  [
   0.76,
   5.77,
   18.02,
   22.56,
   19.45,
   23.75,
   23.78,
   24.93
  ],
  [
   6.29,
   0.76,
   16.62,
   19.86,
   21.59,
   24.61,
   23.86,
   24.07
  ],
  [
   19.35,
   16.36,
   0.76,
   7.94,
   22.57,
   22.95,
   25.09,
   23.3
  ],
  [
   22.84,
   18.99,
   7.33,
   0.76,
   23.37,
   21.92,
   24.18,
   20.72
  ],
  [
   20.34,
   24.13,
   22.66,
   23.94,
   0.76,
   8.09,
   20.28,
   23.99
  ],
  [
   22.67,
   25.3,
   23.3,
   22.94,
   8.33,
   0.76,
   18.88,
   20.42
  ],
  [
   23.92,
   24.7,
   25.06,
   22.85,
   20.73,
   18.71,
   0.76,
   8.44
  ],
  [
   25.07,
   24.88,
   24.76,
   21.51,
   23.85,
   20.38,
   7.56,
   0.76
  ]
 ],
 "chain_ptm": [
  0.79,
  0.79,
  0.79,
  0.79,
  0.79,
  0.8,
  0.79,
  0.79
 ],
 "fraction_disordered": 0.0,
 "has_clash": 0.0,
 "iptm": 0.26,
 "num_recycles": 10.0,
 "ptm": 0.34,
 "ranking_score": 0.28
}