{
 "chain_iptm": [
  0.18,
  0.18,
  0.18,
  0.18,
  0.17,
  0.17,
  0.08
 ],
 "chain_pair_iptm": [
  [
   0.81,
   0.52,
   0.12,
   0.09,
   0.12,
   0.14,
   0.07
  ],
  [
   0.52,
   0.81,
   0.15,
   0.12,
   0.09,
   0.11,
   0.07
  ],
  [
   0.12,
   0.15,
   0.81,
   0.49,
   0.13,
   0.1,
   0.08
  ],
  [
   0.09,
   0.12,
   0.49,
   0.81,
   0.15,
   0.12,
   0.1
  ],
  [
   0.12,
   0.09,
   0.13,
   0.15,
   0.81,
   0.45,
   0.08
  ],
  [
   0.14,
   0.11,
   0.1,
   0.12,
   0.45,
   0.81,
   0.1
  ],
  [
   0.07,
   0.07,
   0.08,
   0.1,
   0.08,
   0.1,
   0.79
  ]
 ],
 "chain_pair_pae_min": [
  [
   0.76,
   6.0,
   18.52,
   22.83,
   20.66,
   19.93,
   23.99
  ],
  [
   6.28,
   0.76,
   17.95,
   21.03,
   22.66,
   21.18,
   23.96
  ],
  [
   19.13,
   18.02,
   0.76,
   7.13,
   19.39,
   22.33,
   23.8
  ],
  [
   21.62,
   19.31,
   6.95,
   0.76,
   17.56,
   20.59,
   22.46
  ],
  [
   20.12,
   22.64,
   20.21,
   18.06,
   0.76,
   8.29,
   22.13
  ],
  [
   20.04,
   22.13,
   21.97,
   19.76,
   8.34,
   0.76,
   20.26
  ],
  [
   24.75,
   24.0,
   24.69,
   22.07,
   23.81,
   20.35,
   0.76
  ]
 ],
 "chain_ptm": [
  0.81,
  0.81,
  0.81,
  0.81,
  0.81,
  0.81,
  0.79
 ],
 "fraction_disordered": 0.0,
 "has_clash": 0.0,
 "iptm": 0.27,
 "num_recycles": 10.0,
 "ptm": 0.37,
 "ranking_score": 0.29
}