{
 "chain_iptm": [
  0.2,
  0.21,
  0.2,
  0.2,
  0.19,
  0.19,
  0.09
 ],
 "chain_pair_iptm": [
  [
   0.81,
   0.55,
   0.15,
   0.11,
   0.13,
   0.16,
   0.1
  ],
  [
   0.55,
   0.81,
   0.19,
   0.16,
   0.11,
   0.14,
   0.09
  ],
  [
   0.15,
   0.19,
   0.81,
   0.52,
   0.14,
   0.11,
   0.1
  ],
  [
   0.11,
   0.16,
   0.52,
   0.81,
   0.17,
   0.14,
   0.08
  ],
  [
   0.13,
   0.11,
   0.14,
   0.17,
   0.81,
   0.49,
   0.08
  ],
  [
   0.16,
   0.14,
   0.11,
   0.14,
   0.49,
   0.81,
   0.07
  ],
  [
   0.1,
   0.09,
   0.1,
   0.08,
   0.08,
   0.07,
   0.8
  ]
 ],
 "chain_pair_pae_min": [
  [
   0.76,
   5.8,
   16.91,
   20.42,
   19.37,
   18.08,
   21.64
  ],
  [
   5.77,
   0.76,
   16.03,
   18.32,
   21.12,
   19.41,
   22.36
  ],
  [
   17.31,
   15.94,
   0.76,
   6.63,
   18.96,
   21.11,
   21.99
  ],
  [
   20.04,
   17.19,
   6.55,
   0.76,
   17.27,
   19.83,
   22.84
  ],
  [
   19.64,
   21.82,
   19.58,
   17.43,
   0.76,
   7.48,
   22.23
  ],
  [
   19.01,
   20.64,
   21.11,
   18.72,
   7.59,
   0.76,
   21.86
  ],
  [
   22.25,
   24.07,
   22.34,
   24.14,
   21.74,
   23.05,
   0.76
  ]
 ],
 "chain_ptm": [
  0.81,
  0.81,
  0.81,
  0.81,
  0.81,
  0.81,
  0.8
 ],
 "fraction_disordered": 0.0,
 "has_clash": 0.0,
 "iptm": 0.3,
 "num_recycles": 10.0,
 "ptm": 0.39,
 "ranking_score": 0.32
}