{
 "chain_iptm": [
  0.23,
  0.23,
  0.2,
  0.19,
  0.18,
  0.2,
  0.11
 ],
 "chain_pair_iptm": [
  [
   0.83,
   0.58,
   0.18,
   0.17,
   0.13,
   0.23,
   0.11
  ],
  [
   0.58,
   0.83,
   0.22,
   0.13,
   0.16,
   0.18,
   0.12
  ],
  [
   0.18,
   0.22,
   0.83,
   0.16,
   0.39,
   0.13,
   0.1
  ],
  [
   0.17,
   0.13,
   0.16,
   0.83,
   0.19,
   0.38,
   0.11
  ],
  [
   0.13,
   0.16,
   0.39,
   0.19,
   0.82,
   0.15,
   0.09
  ],
  [
   0.23,
   0.18,
   0.13,
   0.38,
   0.15,
   0.82,
   0.13
  ],
  [
   0.11,
   0.12,
   0.1,
   0.11,
   0.09,
   0.13,
   0.81
  ]
 ],
 "chain_pair_pae_min": [
  [
   0.76,
   4.8,
   15.32,
   17.76,
   19.54,
   16.2,
   20.59
  ],
  [
   4.92,
   0.76,
   15.18,
   19.13,
   19.07,
   16.59,
   20.22
  ],
  [
   15.93,
   15.8,
   0.76,
   16.47,
   11.51,
   18.81,
   21.17
  ],
  [
   17.75,
   18.62,
   16.52,
   0.76,
   15.99,
   11.3,
   20.44
  ],
  [
   19.34,
   18.52,
   11.88,
   15.6,
   0.76,
   17.75,
   20.88
  ],
  [
   16.49,
   18.02,
   18.15,
   13.11,
   17.21,
   0.76,
   18.05
  ],
  [
   22.13,
   20.88,
   22.47,
   21.88,
   20.23,
   17.72,
   0.76
  ]
 ],
 "chain_ptm": [
  0.83,
  0.83,
  0.83,
  0.83,
  0.82,
  0.82,
  0.81
 ],
 "fraction_disordered": 0.0,
 "has_clash": 0.0,
 "iptm": 0.34,
 "num_recycles": 10.0,
 "ptm": 0.42,
 "ranking_score": 0.35
}