{
 "chain_iptm": [
  0.2,
  0.21,
  0.21,
  0.2,
  0.19,
  0.19,
  0.09
 ],
 "chain_pair_iptm": [
  [
   0.82,
   0.54,
   0.16,
   0.12,
   0.13,
   0.17,
   0.1
  ],
  [
   0.54,
   0.83,
   0.2,
   0.17,
   0.12,
   0.15,
   0.09
  ],
  [
   0.16,
   0.2,
   0.82,
   0.51,
   0.15,
   0.11,
   0.1
  ],
  [
   0.12,
   0.17,
   0.51,
   0.82,
   0.18,
   0.15,
   0.08
  ],
  [
   0.13,
   0.12,
   0.15,
   0.18,
   0.82,
   0.49,
   0.09
  ],
  [
   0.17,
   0.15,
   0.11,
   0.15,
   0.49,
   0.82,
   0.07
  ],
  [
   0.1,
   0.09,
   0.1,
   0.08,
   0.09,
   0.07,
   0.81
  ]
 ],
 "chain_pair_pae_min": [
  [
   0.76,
   5.5,
   17.68,
   20.29,
   20.49,
   18.75,
   22.03
  ],
  [
   5.72,
   0.76,
   16.54,
   18.74,
   20.68,
   19.47,
   22.64
  ],
  [
   18.14,
   15.9,
   0.76,
   6.4,
   18.93,
   20.75,
   21.92
  ],
  [
   20.23,
   17.06,
   6.4,
   0.76,
   17.39,
   19.82,
   22.95
  ],
  [
   20.07,
   21.25,
   19.99,
   17.3,
   0.76,
   7.08,
   21.87
  ],
  [
   19.28,
   20.53,
   20.88,
   18.48,
   6.97,
   0.76,
   21.34
  ],
  [
   22.19,
   24.06,
   21.69,
   24.13,
   21.45,
   23.23,
   0.76
  ]
 ],
 "chain_ptm": [
  0.82,
  0.83,
  0.82,
  0.82,
  0.82,
  0.82,
  0.81
 ],
 "fraction_disordered": 0.0,
 "has_clash": 0.0,
 "iptm": 0.31,
 "num_recycles": 10.0,
 "ptm": 0.4,
 "ranking_score": 0.33
}