{
 "chain_iptm": [
  0.19,
  0.2,
  0.21,
  0.2,
  0.2,
  0.2,
  0.12
 ],
 "chain_pair_iptm": [
  [
   0.82,
   0.54,
   0.15,
   0.1,
   0.12,
   0.1,
   0.12
  ],
  [
   0.54,
   0.82,
   0.19,
   0.15,
   0.11,
   0.1,
   0.1
  ],
  [
   0.15,
   0.19,
   0.82,
   0.52,
   0.17,
   0.15,
   0.08
  ],
  [
   0.1,
   0.15,
   0.52,
   0.82,
   0.14,
   0.17,
   0.09
  ],
  [
   0.12,
   0.11,
   0.17,
   0.14,
   0.82,
   0.5,
   0.13
  ],
  [
   0.1,
   0.1,
   0.15,
   0.17,
   0.5,
   0.82,
   0.19
  ],
  [
   0.12,
   0.1,
   0.08,
   0.09,
   0.13,
   0.19,
   0.8
  ]
 ],
 "chain_pair_pae_min": [
  [
   0.76,
   5.25,
   17.29,
   21.18,
   19.31,
   22.15,
   21.03
  ],
  [
   5.43,
   0.76,
   16.49,
   18.64,
   20.23,
   22.76,
   21.53
  ],
  [
   17.56,
   16.17,
   0.76,
   6.33,
   17.96,
   19.57,
   22.95
  ],
  [
   20.7,
   17.21,
   5.78,
   0.76,
   18.99,
   16.55,
   22.79
  ],
  [
   19.6,
   21.14,
   16.86,
   19.25,
   0.76,
   6.71,
   19.54
  ],
  [
   20.17,
   22.04,
   19.49,
   18.2,
   6.56,
   0.76,
   17.3
  ],
  [
   21.37,
   22.43,
   23.54,
   22.41,
   20.31,
   17.84,
   0.76
  ]
 ],
 "chain_ptm": [
  0.82,
  0.82,
  0.82,
  0.82,
  0.82,
  0.82,
  0.8
 ],
 "fraction_disordered": 0.0,
 "has_clash": 0.0,
 "iptm": 0.31,
 "num_recycles": 10.0,
 "ptm": 0.4,
 "ranking_score": 0.33
}