{
 "chain_iptm": [
  0.04,
  0.04,
  0.04,
  0.04,
  0.04,
  0.04,
  0.04,
  0.04,
  0.04
 ],
 "chain_pair_iptm": [
  [
   0.78,
   0.04,
   0.04,
   0.04,
   0.04,
   0.04,
   0.04,
   0.03,
   0.04
  ],
  [
   0.04,
   0.77,
   0.05,
   0.05,
   0.04,
   0.04,
   0.03,
   0.03,
   0.03
  ],
  [
   0.04,
   0.05,
   0.78,
   0.04,
   0.04,
   0.04,
   0.03,
   0.03,
   0.04
  ],
  [
   0.04,
   0.05,
   0.04,
   0.77,
   0.04,
   0.04,
   0.04,
   0.03,
   0.03
  ],
  [
   0.04,
   0.04,
   0.04,
   0.04,
   0.78,
   0.04,
   0.04,
   0.04,
   0.03
  ],
  [
   0.04,
   0.04,
   0.04,
   0.04,
   0.04,
   0.77,
   0.05,
   0.04,
   0.04
  ],
  [
   0.04,
   0.03,
   0.03,
   0.04,
   0.04,
   0.05,
   0.78,
   0.04,
   0.04
  ],
  [
   0.03,
   0.03,
   0.03,
   0.03,
   0.04,
   0.04,
   0.04,
   0.77,
   0.05
  ],
  [
   0.04,
   0.03,
   0.04,
   0.03,
   0.03,
   0.04,
   0.04,
   0.05,
   0.77
  ]
 ],
 "chain_pair_pae_min": [
  [
   0.76,
   23.77,
   23.52,
   25.13,
   26.87,
   27.95,
   28.03,
   28.61,
   28.0
  ],
  [
   23.67,
   0.76,
   23.69,
   24.68,
   25.58,
   27.04,
   28.32,
   29.04,
   29.12
  ],
  [
   23.48,
   23.32,
   0.76,
   25.42,
   25.45,
   27.31,
   28.12,
   28.83,
   28.64
  ],
  [
   25.43,
   24.39,
   25.5,
   0.76,
   25.78,
   26.18,
   27.28,
   28.48,
   29.06
  ],
  [
   26.95,
   25.39,
   25.6,
   25.91,
   0.76,
   23.89,
   27.39,
   27.15,
   28.88
  ],
  [
   27.73,
   26.7,
   27.35,
   25.77,
   24.52,
   0.76,
   24.47,
   25.78,
   28.37
  ],
  [
   27.92,
   27.93,
   28.12,
   27.04,
   26.94,
   23.9,
   0.76,
   24.48,
   26.43
  ],
  [
   28.29,
   28.48,
   28.57,
   28.3,
   26.76,
   25.46,
   24.37,
   0.76,
   24.85
  ],
  [
   27.57,
   28.68,
   28.28,
   28.66,
   28.25,
   27.97,
   25.8,
   24.76,
   0.76
  ]
 ],
 "chain_ptm": [
  0.78,
  0.77,
  0.78,
  0.77,
  0.78,
  0.77,
  0.78,
  0.77,
  0.77
 ],
 "fraction_disordered": 0.0,
 "has_clash": 0.0,
 "iptm": 0.12,
 "num_recycles": 10.0,
 "ptm": 0.21,
 "ranking_score": 0.14
}