{
 "chain_iptm": [
  0.04,
  0.04,
  0.04,
  0.04,
  0.04,
  0.04,
  0.04,
  0.04,
  0.04
 ],
 "chain_pair_iptm": [
  [
   0.77,
   0.05,
   0.05,
   0.04,
   0.04,
   0.04,
   0.04,
   0.04,
   0.04
  ],
  [
   0.05,
   0.77,
   0.06,
   0.04,
   0.04,
   0.04,
   0.03,
   0.03,
   0.03
  ],
  [
   0.05,
   0.06,
   0.77,
   0.04,
   0.04,
   0.04,
   0.04,
   0.03,
   0.03
  ],
  [
   0.04,
   0.04,
   0.04,
   0.77,
   0.04,
   0.05,
   0.04,
   0.03,
   0.04
  ],
  [
   0.04,
   0.04,
   0.04,
   0.04,
   0.77,
   0.04,
   0.04,
   0.04,
   0.03
  ],
  [
   0.04,
   0.04,
   0.04,
   0.05,
   0.04,
   0.77,
   0.05,
   0.04,
   0.04
  ],
  [
   0.04,
   0.03,
   0.04,
   0.04,
   0.04,
   0.05,
   0.78,
   0.04,
   0.04
  ],
  [
   0.04,
   0.03,
   0.03,
   0.03,
   0.04,
   0.04,
   0.04,
   0.78,
   0.03
  ],
  [
   0.04,
   0.03,
   0.03,
   0.04,
   0.03,
   0.04,
   0.04,
   0.03,
   0.78
  ]
 ],
 "chain_pair_pae_min": [
  [
   0.76,
   23.4,
   22.66,
   26.09,
   26.87,
   27.64,
   28.42,
   28.39,
   28.24
  ],
  [
   23.49,
   0.76,
   22.12,
   25.55,
   25.26,
   27.5,
   28.41,
   29.1,
   29.12
  ],
  [
   23.09,
   22.27,
   0.76,
   24.6,
   25.79,
   27.21,
   28.09,
   28.61,
   29.0
  ],
  [
   26.29,
   25.35,
   24.76,
   0.76,
   23.42,
   25.57,
   27.44,
   28.49,
   28.84
  ],
  [
   26.79,
   25.12,
   25.93,
   23.91,
   0.76,
   24.75,
   27.31,
   27.35,
   28.83
  ],
  [
   27.73,
   27.69,
   27.61,
   25.59,
   25.07,
   0.76,
   23.15,
   26.12,
   28.04
  ],
  [
   28.67,
   28.35,
   28.22,
   27.41,
   26.85,
   22.42,
   0.76,
   24.98,
   26.32
  ],
  [
   28.31,
   28.9,
   28.65,
   28.28,
   27.05,
   24.95,
   25.03,
   0.76,
   27.62
  ],
  [
   28.1,
   28.98,
   28.68,
   28.63,
   28.47,
   27.08,
   25.3,
   27.46,
   0.76
  ]
 ],
 "chain_ptm": [
  0.77,
  0.77,
  0.77,
  0.77,
  0.77,
  0.77,
  0.78,
  0.78,
  0.78
 ],
 "fraction_disordered": 0.0,
 "has_clash": 0.0,
 "iptm": 0.12,
 "num_recycles": 10.0,
 "ptm": 0.21,
 "ranking_score": 0.14
}