{
 "chain_iptm": [
  0.04,
  0.04,
  0.04,
  0.04,
  0.04,
  0.04,
  0.04,
  0.04,
  0.04
 ],
 "chain_pair_iptm": [
  [
   0.78,
   0.03,
   0.05,
   0.04,
   0.04,
   0.04,
   0.04,
   0.03,
   0.03
  ],
  [
   0.03,
   0.78,
   0.05,
   0.04,
   0.04,
   0.03,
   0.03,
   0.03,
   0.04
  ],
  [
   0.05,
   0.05,
   0.78,
   0.05,
   0.03,
   0.03,
   0.04,
   0.04,
   0.03
  ],
  [
   0.04,
   0.04,
   0.05,
   0.77,
   0.05,
   0.04,
   0.04,
   0.03,
   0.03
  ],
  [
   0.04,
   0.04,
   0.03,
   0.05,
   0.78,
   0.04,
   0.03,
   0.03,
   0.04
  ],
  [
   0.04,
   0.03,
   0.03,
   0.04,
   0.04,
   0.78,
   0.04,
   0.04,
   0.04
  ],
  [
   0.04,
   0.03,
   0.04,
   0.04,
   0.03,
   0.04,
   0.78,
   0.04,
   0.03
  ],
  [
   0.03,
   0.03,
   0.04,
   0.03,
   0.03,
   0.04,
   0.04,
   0.78,
   0.04
  ],
  [
   0.03,
   0.04,
   0.03,
   0.03,
   0.04,
   0.04,
   0.03,
   0.04,
   0.78
  ]
 ],
 "chain_pair_pae_min": [
  [
   0.76,
   28.59,
   24.84,
   24.95,
   26.09,
   27.41,
   27.7,
   29.3,
   29.55
  ],
  [
   27.61,
   0.76,
   23.6,
   24.73,
   26.64,
   28.02,
   28.64,
   28.95,
   28.28
  ],
  [
   24.89,
   24.0,
   0.76,
   23.4,
   27.69,
   28.03,
   27.78,
   28.03,
   29.44
  ],
  [
   25.33,
   25.08,
   24.15,
   0.76,
   23.7,
   27.62,
   27.12,
   28.95,
   29.22
  ],
  [
   25.72,
   26.52,
   27.77,
   22.85,
   0.76,
   25.23,
   28.16,
   28.7,
   28.19
  ],
  [
   27.48,
   28.11,
   28.16,
   27.54,
   25.07,
   0.76,
   23.9,
   26.91,
   27.19
  ],
  [
   27.32,
   28.95,
   28.11,
   26.85,
   28.23,
   23.76,
   0.76,
   25.96,
   28.74
  ],
  [
   28.92,
   28.78,
   27.79,
   28.52,
   28.53,
   26.12,
   25.51,
   0.76,
   25.58
  ],
  [
   29.1,
   27.72,
   29.08,
   28.85,
   27.67,
   26.11,
   28.54,
   25.02,
   0.76
  ]
 ],
 "chain_ptm": [
  0.78,
  0.78,
  0.78,
  0.77,
  0.78,
  0.78,
  0.78,
  0.78,
  0.78
 ],
 "fraction_disordered": 0.0,
 "has_clash": 0.0,
 "iptm": 0.12,
 "num_recycles": 10.0,
 "ptm": 0.21,
 "ranking_score": 0.14
}