{
 "chain_iptm": [
  0.04,
  0.04,
  0.04,
  0.04,
  0.04,
  0.04,
  0.04,
  0.04,
  0.04
 ],
 "chain_pair_iptm": [
  [
   0.78,
   0.06,
   0.03,
   0.03,
   0.04,
   0.04,
   0.04,
   0.04,
   0.03
  ],
  [
   0.06,
   0.77,
   0.04,
   0.03,
   0.04,
   0.03,
   0.03,
   0.04,
   0.03
  ],
  [
   0.03,
   0.04,
   0.78,
   0.05,
   0.04,
   0.03,
   0.03,
   0.04,
   0.03
  ],
  [
   0.03,
   0.03,
   0.05,
   0.77,
   0.04,
   0.04,
   0.03,
   0.03,
   0.04
  ],
  [
   0.04,
   0.04,
   0.04,
   0.04,
   0.78,
   0.04,
   0.03,
   0.03,
   0.03
  ],
  [
   0.04,
   0.03,
   0.03,
   0.04,
   0.04,
   0.77,
   0.04,
   0.03,
   0.04
  ],
  [
   0.04,
   0.03,
   0.03,
   0.03,
   0.03,
   0.04,
   0.78,
   0.04,
   0.04
  ],
  [
   0.04,
   0.04,
   0.04,
   0.03,
   0.03,
   0.03,
   0.04,
   0.78,
   0.04
  ],
  [
   0.03,
   0.03,
   0.03,
   0.04,
   0.03,
   0.04,
   0.04,
   0.04,
   0.78
  ]
 ],
 "chain_pair_pae_min": [
  [
   0.76,
   22.79,
   28.89,
   29.74,
   27.88,
   28.52,
   29.02,
   28.56,
   30.08
  ],
  [
   23.15,
   0.76,
   27.38,
   28.59,
   26.05,
   28.96,
   29.55,
   29.33,
   30.25
  ],
  [
   28.91,
   27.12,
   0.76,
   24.47,
   27.24,
   29.37,
   29.63,
   29.36,
   29.31
  ],
  [
   29.42,
   28.47,
   24.7,
   0.76,
   27.05,
   27.96,
   29.04,
   29.61,
   28.55
  ],
  [
   27.96,
   25.96,
   27.32,
   27.01,
   0.76,
   27.42,
   29.59,
   29.78,
   29.77
  ],
  [
   28.71,
   29.22,
   29.27,
   27.55,
   27.05,
   0.76,
   25.8,
   28.93,
   28.13
  ],
  [
   29.23,
   29.53,
   29.65,
   28.95,
   29.26,
   26.24,
   0.76,
   26.36,
   26.75
  ],
  [
   28.37,
   29.18,
   29.27,
   29.54,
   29.44,
   28.73,
   25.91,
   0.76,
   26.95
  ],
  [
   29.82,
   30.11,
   29.35,
   27.97,
   29.59,
   27.91,
   26.45,
   27.46,
   0.76
  ]
 ],
 "chain_ptm": [
  0.78,
  0.77,
  0.78,
  0.77,
  0.78,
  0.77,
  0.78,
  0.78,
  0.78
 ],
 "fraction_disordered": 0.0,
 "has_clash": 0.0,
 "iptm": 0.11,
 "num_recycles": 10.0,
 "ptm": 0.21,
 "ranking_score": 0.13
}