{
 "chain_iptm": [
  0.04,
  0.04,
  0.04,
  0.04,
  0.04,
  0.04,
  0.04,
  0.04,
  0.04
 ],
 "chain_pair_iptm": [
  [
   0.77,
   0.06,
   0.04,
   0.05,
   0.04,
   0.04,
   0.04,
   0.04,
   0.03
  ],
  [
   0.06,
   0.77,
   0.05,
   0.04,
   0.04,
   0.04,
   0.04,
   0.04,
   0.04
  ],
  [
   0.04,
   0.05,
   0.77,
   0.05,
   0.04,
   0.04,
   0.04,
   0.04,
   0.04
  ],
  [
   0.05,
   0.04,
   0.05,
   0.77,
   0.05,
   0.04,
   0.04,
   0.03,
   0.03
  ],
  [
   0.04,
   0.04,
   0.04,
   0.05,
   0.78,
   0.05,
   0.04,
   0.04,
   0.04
  ],
  [
   0.04,
   0.04,
   0.04,
   0.04,
   0.05,
   0.77,
   0.04,
   0.04,
   0.04
  ],
  [
   0.04,
   0.04,
   0.04,
   0.04,
   0.04,
   0.04,
   0.77,
   0.05,
   0.04
  ],
  [
   0.04,
   0.04,
   0.04,
   0.03,
   0.04,
   0.04,
   0.05,
   0.78,
   0.05
  ],
  [
   0.03,
   0.04,
   0.04,
   0.03,
   0.04,
   0.04,
   0.04,
   0.05,
   0.78
  ]
 ],
 "chain_pair_pae_min": [
  [
   0.76,
   22.55,
   24.27,
   23.4,
   25.7,
   27.18,
   27.67,
   28.62,
   29.13
  ],
  [
   22.83,
   0.76,
   23.43,
   25.12,
   26.46,
   26.8,
   27.68,
   28.14,
   28.24
  ],
  [
   25.13,
   22.65,
   0.76,
   23.62,
   26.0,
   26.22,
   27.8,
   28.28,
   28.27
  ],
  [
   24.27,
   25.4,
   23.99,
   0.76,
   22.86,
   26.08,
   26.72,
   28.19,
   28.92
  ],
  [
   25.8,
   26.17,
   25.73,
   22.97,
   0.76,
   23.84,
   25.17,
   27.53,
   28.76
  ],
  [
   27.65,
   26.96,
   26.0,
   26.45,
   24.15,
   0.76,
   24.7,
   25.99,
   27.3
  ],
  [
   27.21,
   27.79,
   27.8,
   26.56,
   24.93,
   24.28,
   0.76,
   24.3,
   28.04
  ],
  [
   28.69,
   28.1,
   28.02,
   28.33,
   27.47,
   25.09,
   24.43,
   0.76,
   25.81
  ],
  [
   28.77,
   27.79,
   27.55,
   28.51,
   28.23,
   26.33,
   27.62,
   24.91,
   0.76
  ]
 ],
 "chain_ptm": [
  0.77,
  0.77,
  0.77,
  0.77,
  0.78,
  0.77,
  0.77,
  0.78,
  0.78
 ],
 "fraction_disordered": 0.0,
 "has_clash": 0.0,
 "iptm": 0.12,
 "num_recycles": 10.0,
 "ptm": 0.21,
 "ranking_score": 0.14
}