{
 "chain_iptm": [
  0.05,
  0.05,
  0.05,
  0.05,
  0.05,
  0.05,
  0.04
 ],
 "chain_pair_iptm": [
  [
   0.76,
   0.06,
   0.07,
   0.05,
   0.04,
   0.04,
   0.04
  ],
  [
   0.06,
   0.76,
   0.05,
   0.04,
   0.04,
   0.04,
   0.04
  ],
  [
   0.07,
   0.05,
   0.76,
   0.05,
   0.04,
   0.04,
   0.04
  ],
  [
   0.05,
   0.04,
   0.05,
   0.76,
   0.05,
   0.04,
   0.04
  ],
  [
   0.04,
   0.04,
   0.04,
   0.05,
   0.75,
   0.06,
   0.04
  ],
  [
   0.04,
   0.04,
   0.04,
   0.04,
   0.06,
   0.76,
   0.05
  ],
  [
   0.04,
   0.04,
   0.04,
   0.04,
   0.04,
   0.05,
   0.77
  ]
 ],
 "chain_pair_pae_min": [
  [
   0.76,
   22.1,
   22.6,
   24.02,
   25.19,
   27.23,
   27.61
  ],
  [
   21.62,
   0.76,
   22.09,
   24.53,
   24.21,
   26.54,
   27.71
  ],
  [
   22.61,
   23.22,
   0.76,
   23.51,
   25.79,
   25.72,
   25.48
  ],
  [
   23.6,
   25.06,
   22.92,
   0.76,
   24.3,
   24.03,
   26.31
  ],
  [
   24.6,
   24.42,
   25.58,
   24.3,
   0.76,
   23.7,
   26.08
  ],
  [
   26.94,
   26.7,
   25.73,
   23.97,
   23.83,
   0.76,
   24.71
  ],
  [
   27.25,
   27.09,
   25.74,
   26.14,
   26.19,
   24.17,
   0.76
  ]
 ],
 "chain_ptm": [
  0.76,
  0.76,
  0.76,
  0.76,
  0.75,
  0.76,
  0.77
 ],
 "fraction_disordered": 0.0,
 "has_clash": 0.0,
 "iptm": 0.12,
 "num_recycles": 10.0,
 "ptm": 0.23,
 "ranking_score": 0.14
}