{
 "chain_iptm": [
  0.05,
  0.06,
  0.05,
  0.05,
  0.05,
  0.05,
  0.05
 ],
 "chain_pair_iptm": [
  [
   0.76,
   0.08,
   0.07,
   0.05,
   0.04,
   0.05,
   0.04
  ],
  [
   0.08,
   0.76,
   0.08,
   0.05,
   0.05,
   0.04,
   0.04
  ],
  [
   0.07,
   0.08,
   0.76,
   0.05,
   0.05,
   0.04,
   0.04
  ],
  [
   0.05,
   0.05,
   0.05,
   0.76,
   0.07,
   0.06,
   0.05
  ],
  [
   0.04,
   0.05,
   0.05,
   0.07,
   0.76,
   0.06,
   0.06
  ],
  [
   0.05,
   0.04,
   0.04,
   0.06,
   0.06,
   0.76,
   0.06
  ],
  [
   0.04,
   0.04,
   0.04,
   0.05,
   0.06,
   0.06,
   0.76
  ]
 ],
 "chain_pair_pae_min": [
  [
   0.76,
   20.71,
   21.45,
   24.02,
   25.09,
   24.6,
   25.66
  ],
  [
   20.67,
   0.76,
   20.92,
   23.83,
   23.72,
   25.74,
   25.86
  ],
  [
   21.18,
   21.35,
   0.76,
   21.27,
   24.53,
   25.14,
   26.0
  ],
  [
   23.96,
   23.9,
   21.62,
   0.76,
   22.48,
   23.75,
   24.61
  ],
  [
   25.08,
   23.87,
   24.38,
   22.19,
   0.76,
   22.54,
   23.92
  ],
  [
   25.02,
   25.43,
   24.92,
   23.42,
   22.41,
   0.76,
   23.19
  ],
  [
   25.08,
   25.27,
   25.55,
   23.85,
   23.54,
   22.48,
   0.76
  ]
 ],
 "chain_ptm": [
  0.76,
  0.76,
  0.76,
  0.76,
  0.76,
  0.76,
  0.76
 ],
 "fraction_disordered": 0.0,
 "has_clash": 0.0,
 "iptm": 0.13,
 "num_recycles": 10.0,
 "ptm": 0.24,
 "ranking_score": 0.15
}