{
 "chain_iptm": [
  0.05,
  0.05,
  0.04,
  0.05,
  0.05,
  0.05,
  0.05
 ],
 "chain_pair_iptm": [
  [
   0.76,
   0.07,
   0.04,
   0.06,
   0.04,
   0.04,
   0.04
  ],
  [
   0.07,
   0.76,
   0.05,
   0.07,
   0.04,
   0.04,
   0.04
  ],
  [
   0.04,
   0.05,
   0.77,
   0.03,
   0.06,
   0.04,
   0.05
  ],
  [
   0.06,
   0.07,
   0.03,
   0.76,
   0.04,
   0.05,
   0.04
  ],
  [
   0.04,
   0.04,
   0.06,
   0.04,
   0.77,
   0.06,
   0.05
  ],
  [
   0.04,
   0.04,
   0.04,
   0.05,
   0.06,
   0.76,
   0.06
  ],
  [
   0.04,
   0.04,
   0.05,
   0.04,
   0.05,
   0.06,
   0.77
  ]
 ],
 "chain_pair_pae_min": [
  [
   0.76,
   20.56,
   25.47,
   22.64,
   28.54,
   27.35,
   27.0
  ],
  [
   21.03,
   0.76,
   24.53,
   21.99,
   27.36,
   28.45,
   28.3
  ],
  [
   25.73,
   24.67,
   0.76,
   29.06,
   23.78,
   27.31,
   25.81
  ],
  [
   22.33,
   22.26,
   28.6,
   0.76,
   28.02,
   25.77,
   27.7
  ],
  [
   28.06,
   27.33,
   23.62,
   28.2,
   0.76,
   23.61,
   23.1
  ],
  [
   27.03,
   28.21,
   27.42,
   25.42,
   23.35,
   0.76,
   22.5
  ],
  [
   26.88,
   27.8,
   25.57,
   27.71,
   23.04,
   22.26,
   0.76
  ]
 ],
 "chain_ptm": [
  0.76,
  0.76,
  0.77,
  0.76,
  0.77,
  0.76,
  0.77
 ],
 "fraction_disordered": 0.0,
 "has_clash": 0.0,
 "iptm": 0.11,
 "num_recycles": 10.0,
 "ptm": 0.23,
 "ranking_score": 0.14
}