{
 "chain_iptm": [
  0.04,
  0.05,
  0.05,
  0.04,
  0.04,
  0.04,
  0.04
 ],
 "chain_pair_iptm": [
  [
   0.78,
   0.06,
   0.04,
   0.04,
   0.04,
   0.05,
   0.04
  ],
  [
   0.06,
   0.77,
   0.06,
   0.06,
   0.04,
   0.04,
   0.04
  ],
  [
   0.04,
   0.06,
   0.78,
   0.05,
   0.04,
   0.04,
   0.05
  ],
  [
   0.04,
   0.06,
   0.05,
   0.77,
   0.04,
   0.05,
   0.03
  ],
  [
   0.04,
   0.04,
   0.04,
   0.04,
   0.77,
   0.06,
   0.04
  ],
  [
   0.05,
   0.04,
   0.04,
   0.05,
   0.06,
   0.77,
   0.04
  ],
  [
   0.04,
   0.04,
   0.05,
   0.03,
   0.04,
   0.04,
   0.78
  ]
 ],
 "chain_pair_pae_min": [
  [
   0.76,
   21.55,
   26.8,
   26.32,
   27.15,
   26.9,
   27.54
  ],
  [
   21.84,
   0.76,
   24.46,
   22.71,
   27.98,
   27.28,
   27.74
  ],
  [
   27.53,
   24.06,
   0.76,
   25.88,
   25.84,
   27.96,
   24.76
  ],
  [
   26.58,
   22.35,
   25.44,
   0.76,
   26.03,
   25.42,
   29.5
  ],
  [
   27.28,
   27.48,
   25.65,
   26.26,
   0.76,
   23.49,
   25.32
  ],
  [
   26.56,
   26.82,
   27.8,
   25.35,
   23.22,
   0.76,
   27.68
  ],
  [
   27.36,
   27.36,
   24.33,
   29.04,
   24.72,
   27.05,
   0.76
  ]
 ],
 "chain_ptm": [
  0.78,
  0.77,
  0.78,
  0.77,
  0.77,
  0.77,
  0.78
 ],
 "fraction_disordered": 0.0,
 "has_clash": 0.0,
 "iptm": 0.12,
 "num_recycles": 10.0,
 "ptm": 0.23,
 "ranking_score": 0.14
}