{
 "chain_iptm": [
  0.04,
  0.04,
  0.04,
  0.05,
  0.04,
  0.04,
  0.04
 ],
 "chain_pair_iptm": [
  [
   0.77,
   0.05,
   0.05,
   0.04,
   0.03,
   0.05,
   0.04
  ],
  [
   0.05,
   0.77,
   0.06,
   0.03,
   0.04,
   0.04,
   0.05
  ],
  [
   0.05,
   0.06,
   0.77,
   0.04,
   0.04,
   0.03,
   0.04
  ],
  [
   0.04,
   0.03,
   0.04,
   0.77,
   0.06,
   0.06,
   0.04
  ],
  [
   0.03,
   0.04,
   0.04,
   0.06,
   0.77,
   0.04,
   0.04
  ],
  [
   0.05,
   0.04,
   0.03,
   0.06,
   0.04,
   0.77,
   0.05
  ],
  [
   0.04,
   0.05,
   0.04,
   0.04,
   0.04,
   0.05,
   0.77
  ]
 ],
 "chain_pair_pae_min": [
  [
   0.76,
   25.55,
   25.02,
   26.76,
   28.98,
   26.46,
   28.47
  ],
  [
   24.67,
   0.76,
   22.49,
   28.52,
   28.03,
   28.26,
   26.51
  ],
  [
   25.4,
   22.72,
   0.76,
   26.13,
   26.3,
   29.25,
   28.57
  ],
  [
   27.35,
   28.7,
   26.22,
   0.76,
   22.45,
   25.43,
   28.35
  ],
  [
   29.02,
   28.04,
   26.22,
   22.71,
   0.76,
   26.07,
   27.74
  ],
  [
   26.27,
   28.25,
   28.68,
   25.32,
   26.16,
   0.76,
   24.7
  ],
  [
   28.0,
   26.3,
   27.97,
   27.76,
   26.92,
   24.59,
   0.76
  ]
 ],
 "chain_ptm": [
  0.77,
  0.77,
  0.77,
  0.77,
  0.77,
  0.77,
  0.77
 ],
 "fraction_disordered": 0.0,
 "has_clash": 0.0,
 "iptm": 0.11,
 "num_recycles": 10.0,
 "ptm": 0.22,
 "ranking_score": 0.13
}