{
 "chain_iptm": [
  0.1,
  0.1,
  0.09
 ],
 "chain_pair_iptm": [
  [
   0.86,
   0.1,
   0.1
  ],
  [
   0.1,
   0.86,
   0.09
  ],
  [
   0.1,
   0.09,
   0.86
  ]
 ],
 "chain_pair_pae_min": [
  [
   0.76,
   16.1,
   16.5
  ],
  [
   15.83,
   0.76,
   16.9
  ],
  [
   17.41,
   16.58,
   0.76
  ]
 ],
 "chain_ptm": [
  0.86,
  0.86,
  0.86
 ],
 "fraction_disordered": 0.0,
 "has_clash": 0.0,
 "iptm": 0.12,
 "num_recycles": 10.0,
 "ptm": 0.39,
 "ranking_score": 0.18
}