{
 "chain_iptm": [
  0.1,
  0.1,
  0.09
 ],
 "chain_pair_iptm": [
  [
   0.86,
   0.11,
   0.09
  ],
  [
   0.11,
   0.85,
   0.08
  ],
  [
   0.09,
   0.08,
   0.85
  ]
 ],
 "chain_pair_pae_min": [
  [
   0.76,
   14.95,
   16.92
  ],
  [
   14.6,
   0.76,
   17.42
  ],
  [
   17.82,
   18.45,
   0.76
  ]
 ],
 "chain_ptm": [
  0.86,
  0.85,
  0.85
 ],
 "fraction_disordered": 0.0,
 "has_clash": 0.0,
 "iptm": 0.12,
 "num_recycles": 10.0,
 "ptm": 0.39,
 "ranking_score": 0.18
}