{
 "chain_iptm": [
  0.1,
  0.09,
  0.09
 ],
 "chain_pair_iptm": [
  [
   0.85,
   0.1,
   0.1
  ],
  [
   0.1,
   0.85,
   0.09
  ],
  [
   0.1,
   0.09,
   0.85
  ]
 ],
 "chain_pair_pae_min": [
  [
   0.76,
   19.29,
   20.47
  ],
  [
   19.59,
   0.76,
   20.21
  ],
  [
   20.11,
   20.87,
   0.76
  ]
 ],
 "chain_ptm": [
  0.85,
  0.85,
  0.85
 ],
 "fraction_disordered": 0.0,
 "has_clash": 0.0,
 "iptm": 0.11,
 "num_recycles": 10.0,
 "ptm": 0.38,
 "ranking_score": 0.16
}