{
 "chain_iptm": [
  0.1,
  0.09,
  0.1
 ],
 "chain_pair_iptm": [
  [
   0.86,
   0.08,
   0.11
  ],
  [
   0.08,
   0.86,
   0.09
  ],
  [
   0.11,
   0.09,
   0.86
  ]
 ],
 "chain_pair_pae_min": [
  [
   0.76,
   18.74,
   16.25
  ],
  [
   19.31,
   0.76,
   17.76
  ],
  [
   16.59,
   19.68,
   0.76
  ]
 ],
 "chain_ptm": [
  0.86,
  0.86,
  0.86
 ],
 "fraction_disordered": 0.0,
 "has_clash": 0.0,
 "iptm": 0.12,
 "num_recycles": 10.0,
 "ptm": 0.4,
 "ranking_score": 0.18
}