{
 "chain_iptm": [
  0.1,
  0.1,
  0.1
 ],
 "chain_pair_iptm": [
  [
   0.86,
   0.1,
   0.1
  ],
  [
   0.1,
   0.86,
   0.1
  ],
  [
   0.1,
   0.1,
   0.86
  ]
 ],
 "chain_pair_pae_min": [
  [
   0.76,
   16.88,
   18.82
  ],
  [
   18.84,
   0.76,
   17.53
  ],
  [
   17.76,
   19.42,
   0.76
  ]
 ],
 "chain_ptm": [
  0.86,
  0.86,
  0.86
 ],
 "fraction_disordered": 0.0,
 "has_clash": 0.0,
 "iptm": 0.12,
 "num_recycles": 10.0,
 "ptm": 0.39,
 "ranking_score": 0.17
}