{
 "chain_iptm": [
  0.06,
  0.06,
  0.06,
  0.06,
  0.06,
  0.06,
  0.05
 ],
 "chain_pair_iptm": [
  [
   0.85,
   0.07,
   0.06,
   0.07,
   0.05,
   0.04,
   0.05
  ],
  [
   0.07,
   0.85,
   0.04,
   0.07,
   0.06,
   0.05,
   0.05
  ],
  [
   0.06,
   0.04,
   0.85,
   0.06,
   0.07,
   0.05,
   0.05
  ],
  [
   0.07,
   0.07,
   0.06,
   0.85,
   0.06,
   0.05,
   0.04
  ],
  [
   0.05,
   0.06,
   0.07,
   0.06,
   0.85,
   0.07,
   0.05
  ],
  [
   0.04,
   0.05,
   0.05,
   0.05,
   0.07,
   0.85,
   0.07
  ],
  [
   0.05,
   0.05,
   0.05,
   0.04,
   0.05,
   0.07,
   0.85
  ]
 ],
 "chain_pair_pae_min": [
  [
   0.76,
   19.89,
   20.73,
   21.34,
   24.73,
   25.47,
   24.55
  ],
  [
   20.6,
   0.76,
   24.87,
   21.17,
   21.85,
   24.11,
   25.08
  ],
  [
   20.62,
   25.74,
   0.76,
   20.85,
   22.83,
   23.47,
   23.91
  ],
  [
   21.31,
   21.82,
   22.61,
   0.76,
   21.68,
   24.8,
   26.07
  ],
  [
   25.13,
   21.98,
   22.69,
   21.63,
   0.76,
   20.96,
   23.99
  ],
  [
   25.11,
   24.11,
   23.6,
   24.14,
   20.49,
   0.76,
   20.93
  ],
  [
   24.15,
   24.8,
   23.71,
   25.23,
   24.46,
   21.33,
   0.76
  ]
 ],
 "chain_ptm": [
  0.85,
  0.85,
  0.85,
  0.85,
  0.85,
  0.85,
  0.85
 ],
 "fraction_disordered": 0.0,
 "has_clash": 0.0,
 "iptm": 0.13,
 "num_recycles": 10.0,
 "ptm": 0.25,
 "ranking_score": 0.16
}