{
 "chain_iptm": [
  0.06,
  0.06,
  0.06,
  0.06,
  0.06,
  0.06,
  0.06
 ],
 "chain_pair_iptm": [
  [
   0.86,
   0.07,
   0.07,
   0.08,
   0.05,
   0.05,
   0.05
  ],
  [
   0.07,
   0.86,
   0.05,
   0.06,
   0.06,
   0.06,
   0.04
  ],
  [
   0.07,
   0.05,
   0.86,
   0.07,
   0.07,
   0.05,
   0.07
  ],
  [
   0.08,
   0.06,
   0.07,
   0.86,
   0.05,
   0.06,
   0.06
  ],
  [
   0.05,
   0.06,
   0.07,
   0.05,
   0.86,
   0.07,
   0.06
  ],
  [
   0.05,
   0.06,
   0.05,
   0.06,
   0.07,
   0.86,
   0.06
  ],
  [
   0.05,
   0.04,
   0.07,
   0.06,
   0.06,
   0.06,
   0.85
  ]
 ],
 "chain_pair_pae_min": [
  [
   0.76,
   19.36,
   19.87,
   20.42,
   23.43,
   24.19,
   23.56
  ],
  [
   18.54,
   0.76,
   22.39,
   21.52,
   22.75,
   23.28,
   25.16
  ],
  [
   20.05,
   22.78,
   0.76,
   21.47,
   22.06,
   24.86,
   22.31
  ],
  [
   20.01,
   22.18,
   21.77,
   0.76,
   24.02,
   21.88,
   23.33
  ],
  [
   23.29,
   22.56,
   21.37,
   24.21,
   0.76,
   21.8,
   22.46
  ],
  [
   24.36,
   23.49,
   24.13,
   21.43,
   21.37,
   0.76,
   22.9
  ],
  [
   23.42,
   24.94,
   22.03,
   22.8,
   21.76,
   22.07,
   0.76
  ]
 ],
 "chain_ptm": [
  0.86,
  0.86,
  0.86,
  0.86,
  0.86,
  0.86,
  0.85
 ],
 "fraction_disordered": 0.0,
 "has_clash": 0.0,
 "iptm": 0.14,
 "num_recycles": 10.0,
 "ptm": 0.26,
 "ranking_score": 0.16
}