{
 "chain_iptm": [
  0.06,
  0.06,
  0.06,
  0.06,
  0.06,
  0.05,
  0.05
 ],
 "chain_pair_iptm": [
  [
   0.85,
   0.08,
   0.07,
   0.07,
   0.05,
   0.05,
   0.05
  ],
  [
   0.08,
   0.85,
   0.05,
   0.06,
   0.05,
   0.06,
   0.05
  ],
  [
   0.07,
   0.05,
   0.85,
   0.06,
   0.06,
   0.05,
   0.06
  ],
  [
   0.07,
   0.06,
   0.06,
   0.85,
   0.07,
   0.05,
   0.05
  ],
  [
   0.05,
   0.05,
   0.06,
   0.07,
   0.85,
   0.06,
   0.06
  ],
  [
   0.05,
   0.06,
   0.05,
   0.05,
   0.06,
   0.85,
   0.06
  ],
  [
   0.05,
   0.05,
   0.06,
   0.05,
   0.06,
   0.06,
   0.85
  ]
 ],
 "chain_pair_pae_min": [
  [
   0.76,
   18.33,
   20.77,
   21.25,
   24.01,
   24.34,
   23.71
  ],
  [
   19.17,
   0.76,
   23.36,
   21.4,
   23.39,
   22.88,
   23.7
  ],
  [
   20.41,
   22.4,
   0.76,
   21.37,
   20.94,
   24.27,
   23.08
  ],
  [
   21.66,
   22.39,
   20.82,
   0.76,
   20.48,
   23.4,
   24.42
  ],
  [
   24.29,
   23.58,
   21.03,
   20.5,
   0.76,
   21.68,
   23.15
  ],
  [
   23.61,
   22.74,
   24.51,
   23.5,
   22.39,
   0.76,
   21.39
  ],
  [
   23.37,
   23.64,
   22.52,
   23.82,
   22.5,
   22.15,
   0.76
  ]
 ],
 "chain_ptm": [
  0.85,
  0.85,
  0.85,
  0.85,
  0.85,
  0.85,
  0.85
 ],
 "fraction_disordered": 0.0,
 "has_clash": 0.0,
 "iptm": 0.14,
 "num_recycles": 10.0,
 "ptm": 0.25,
 "ranking_score": 0.16
}