{
 "chain_iptm": [
  0.06,
  0.06,
  0.06,
  0.06,
  0.06,
  0.06,
  0.06
 ],
 "chain_pair_iptm": [
  [
   0.86,
   0.07,
   0.07,
   0.05,
   0.05,
   0.06,
   0.05
  ],
  [
   0.07,
   0.85,
   0.07,
   0.07,
   0.06,
   0.05,
   0.05
  ],
  [
   0.07,
   0.07,
   0.85,
   0.06,
   0.05,
   0.05,
   0.05
  ],
  [
   0.05,
   0.07,
   0.06,
   0.85,
   0.07,
   0.05,
   0.06
  ],
  [
   0.05,
   0.06,
   0.05,
   0.07,
   0.85,
   0.07,
   0.07
  ],
  [
   0.06,
   0.05,
   0.05,
   0.05,
   0.07,
   0.85,
   0.07
  ],
  [
   0.05,
   0.05,
   0.05,
   0.06,
   0.07,
   0.07,
   0.85
  ]
 ],
 "chain_pair_pae_min": [
  [
   0.76,
   19.09,
   19.76,
   22.8,
   23.48,
   23.08,
   24.23
  ],
  [
   19.21,
   0.76,
   19.8,
   20.58,
   22.97,
   23.48,
   25.24
  ],
  [
   19.97,
   20.68,
   0.76,
   20.71,
   24.43,
   24.56,
   24.77
  ],
  [
   23.36,
   21.52,
   20.4,
   0.76,
   20.21,
   24.53,
   23.67
  ],
  [
   23.65,
   22.62,
   24.58,
   20.59,
   0.76,
   20.83,
   21.94
  ],
  [
   23.05,
   23.14,
   24.32,
   24.15,
   20.61,
   0.76,
   20.79
  ],
  [
   24.02,
   24.74,
   24.72,
   23.16,
   21.13,
   20.88,
   0.76
  ]
 ],
 "chain_ptm": [
  0.86,
  0.85,
  0.85,
  0.85,
  0.85,
  0.85,
  0.85
 ],
 "fraction_disordered": 0.0,
 "has_clash": 0.0,
 "iptm": 0.14,
 "num_recycles": 10.0,
 "ptm": 0.26,
 "ranking_score": 0.16
}