{
 "chain_iptm": [
  0.05,
  0.05,
  0.06,
  0.05,
  0.06,
  0.05,
  0.05
 ],
 "chain_pair_iptm": [
  [
   0.86,
   0.06,
   0.04,
   0.05,
   0.05,
   0.06,
   0.05
  ],
  [
   0.06,
   0.85,
   0.05,
   0.06,
   0.05,
   0.04,
   0.06
  ],
  [
   0.04,
   0.05,
   0.85,
   0.06,
   0.07,
   0.06,
   0.05
  ],
  [
   0.05,
   0.06,
   0.06,
   0.85,
   0.07,
   0.04,
   0.04
  ],
  [
   0.05,
   0.05,
   0.07,
   0.07,
   0.85,
   0.06,
   0.04
  ],
  [
   0.06,
   0.04,
   0.06,
   0.04,
   0.06,
   0.85,
   0.06
  ],
  [
   0.05,
   0.06,
   0.05,
   0.04,
   0.04,
   0.06,
   0.85
  ]
 ],
 "chain_pair_pae_min": [
  [
   0.76,
   20.93,
   25.71,
   23.24,
   22.91,
   22.66,
   24.44
  ],
  [
   20.51,
   0.76,
   22.91,
   21.67,
   23.86,
   25.45,
   24.64
  ],
  [
   25.66,
   22.84,
   0.76,
   21.68,
   22.55,
   23.38,
   23.33
  ],
  [
   23.19,
   21.4,
   21.4,
   0.76,
   21.24,
   25.76,
   25.81
  ],
  [
   22.89,
   23.93,
   22.65,
   21.34,
   0.76,
   22.69,
   26.21
  ],
  [
   22.21,
   25.37,
   23.57,
   25.91,
   21.88,
   0.76,
   22.83
  ],
  [
   23.9,
   23.97,
   22.7,
   25.66,
   26.06,
   22.84,
   0.76
  ]
 ],
 "chain_ptm": [
  0.86,
  0.85,
  0.85,
  0.85,
  0.85,
  0.85,
  0.85
 ],
 "fraction_disordered": 0.0,
 "has_clash": 0.0,
 "iptm": 0.13,
 "num_recycles": 10.0,
 "ptm": 0.25,
 "ranking_score": 0.15
}