{
 "chain_iptm": [
  0.05,
  0.06,
  0.06,
  0.06,
  0.05,
  0.05
 ],
 "chain_pair_iptm": [
  [
   0.87,
   0.05,
   0.05,
   0.06,
   0.06,
   0.05
  ],
  [
   0.05,
   0.87,
   0.06,
   0.06,
   0.05,
   0.06
  ],
  [
   0.05,
   0.06,
   0.87,
   0.06,
   0.06,
   0.05
  ],
  [
   0.06,
   0.06,
   0.06,
   0.87,
   0.05,
   0.05
  ],
  [
   0.06,
   0.05,
   0.06,
   0.05,
   0.87,
   0.06
  ],
  [
   0.05,
   0.06,
   0.05,
   0.05,
   0.06,
   0.86
  ]
 ],
 "chain_pair_pae_min": [
  [
   0.76,
   23.12,
   23.53,
   22.44,
   23.23,
   24.28
  ],
  [
   23.24,
   0.76,
   22.04,
   21.98,
   23.82,
   23.79
  ],
  [
   23.81,
   22.68,
   0.76,
   21.28,
   23.1,
   24.39
  ],
  [
   23.0,
   22.93,
   21.58,
   0.76,
   23.67,
   23.97
  ],
  [
   23.08,
   23.86,
   23.25,
   23.59,
   0.76,
   22.46
  ],
  [
   24.13,
   23.82,
   24.6,
   23.66,
   22.66,
   0.76
  ]
 ],
 "chain_ptm": [
  0.87,
  0.87,
  0.87,
  0.87,
  0.87,
  0.86
 ],
 "fraction_disordered": 0.0,
 "has_clash": 0.0,
 "iptm": 0.12,
 "num_recycles": 10.0,
 "ptm": 0.26,
 "ranking_score": 0.15
}