{
 "chain_iptm": [
  0.06,
  0.06,
  0.06,
  0.06,
  0.06,
  0.06
 ],
 "chain_pair_iptm": [
  [
   0.87,
   0.06,
   0.06,
   0.05,
   0.06,
   0.06
  ],
  [
   0.06,
   0.87,
   0.07,
   0.06,
   0.05,
   0.06
  ],
  [
   0.06,
   0.07,
   0.87,
   0.06,
   0.07,
   0.05
  ],
  [
   0.05,
   0.06,
   0.06,
   0.87,
   0.07,
   0.06
  ],
  [
   0.06,
   0.05,
   0.07,
   0.07,
   0.87,
   0.05
  ],
  [
   0.06,
   0.06,
   0.05,
   0.06,
   0.05,
   0.86
  ]
 ],
 "chain_pair_pae_min": [
  [
   0.76,
   20.45,
   20.99,
   23.06,
   23.15,
   23.56
  ],
  [
   20.51,
   0.76,
   21.24,
   22.73,
   23.6,
   23.16
  ],
  [
   21.63,
   21.61,
   0.76,
   21.29,
   22.05,
   23.56
  ],
  [
   22.91,
   22.22,
   21.49,
   0.76,
   21.26,
   22.66
  ],
  [
   22.73,
   23.57,
   21.81,
   21.36,
   0.76,
   22.54
  ],
  [
   23.72,
   23.36,
   23.06,
   21.89,
   21.95,
   0.76
  ]
 ],
 "chain_ptm": [
  0.87,
  0.87,
  0.87,
  0.87,
  0.87,
  0.86
 ],
 "fraction_disordered": 0.0,
 "has_clash": 0.0,
 "iptm": 0.13,
 "num_recycles": 10.0,
 "ptm": 0.27,
 "ranking_score": 0.16
}