{
 "chain_iptm": [
  0.07,
  0.07,
  0.07,
  0.07,
  0.07,
  0.07
 ],
 "chain_pair_iptm": [
  [
   0.87,
   0.08,
   0.09,
   0.07,
   0.07,
   0.06
  ],
  [
   0.08,
   0.86,
   0.07,
   0.06,
   0.08,
   0.06
  ],
  [
   0.09,
   0.07,
   0.87,
   0.08,
   0.06,
   0.07
  ],
  [
   0.07,
   0.06,
   0.08,
   0.86,
   0.07,
   0.08
  ],
  [
   0.07,
   0.08,
   0.06,
   0.07,
   0.86,
   0.07
  ],
  [
   0.06,
   0.06,
   0.07,
   0.08,
   0.07,
   0.87
  ]
 ],
 "chain_pair_pae_min": [
  [
   0.76,
   19.73,
   19.91,
   21.72,
   22.11,
   22.86
  ],
  [
   19.44,
   0.76,
   20.57,
   21.93,
   21.53,
   22.88
  ],
  [
   19.79,
   21.21,
   0.76,
   20.41,
   22.22,
   22.78
  ],
  [
   21.3,
   21.93,
   20.24,
   0.76,
   21.74,
   21.64
  ],
  [
   22.31,
   21.64,
   22.02,
   21.61,
   0.76,
   21.68
  ],
  [
   22.67,
   22.8,
   22.48,
   21.57,
   21.62,
   0.76
  ]
 ],
 "chain_ptm": [
  0.87,
  0.86,
  0.87,
  0.86,
  0.86,
  0.87
 ],
 "fraction_disordered": 0.0,
 "has_clash": 0.0,
 "iptm": 0.15,
 "num_recycles": 10.0,
 "ptm": 0.28,
 "ranking_score": 0.17
}