{
 "chain_iptm": [
  0.09,
  0.1,
  0.1,
  0.09,
  0.09,
  0.09
 ],
 "chain_pair_iptm": [
  [
   0.86,
   0.12,
   0.11,
   0.08,
   0.08,
   0.09
  ],
  [
   0.12,
   0.86,
   0.1,
   0.1,
   0.09,
   0.07
  ],
  [
   0.11,
   0.1,
   0.86,
   0.11,
   0.08,
   0.09
  ],
  [
   0.08,
   0.1,
   0.11,
   0.86,
   0.09,
   0.08
  ],
  [
   0.08,
   0.09,
   0.08,
   0.09,
   0.86,
   0.1
  ],
  [
   0.09,
   0.07,
   0.09,
   0.08,
   0.1,
   0.86
  ]
 ],
 "chain_pair_pae_min": [
  [
   0.76,
   18.22,
   17.75,
   20.58,
   20.27,
   21.5
  ],
  [
   18.22,
   0.76,
   18.44,
   19.92,
   20.05,
   21.73
  ],
  [
   19.23,
   17.84,
   0.76,
   18.94,
   21.24,
   20.21
  ],
  [
   20.61,
   18.31,
   19.24,
   0.76,
   20.71,
   20.04
  ],
  [
   20.21,
   20.96,
   21.26,
   19.55,
   0.76,
   20.21
  ],
  [
   20.03,
   21.68,
   21.23,
   19.68,
   20.22,
   0.76
  ]
 ],
 "chain_ptm": [
  0.86,
  0.86,
  0.86,
  0.86,
  0.86,
  0.86
 ],
 "fraction_disordered": 0.0,
 "has_clash": 0.0,
 "iptm": 0.18,
 "num_recycles": 10.0,
 "ptm": 0.3,
 "ranking_score": 0.2
}