{
 "chain_iptm": [
  0.07,
  0.07,
  0.07,
  0.07,
  0.06,
  0.06
 ],
 "chain_pair_iptm": [
  [
   0.87,
   0.08,
   0.06,
   0.07,
   0.05,
   0.07
  ],
  [
   0.08,
   0.86,
   0.08,
   0.06,
   0.06,
   0.07
  ],
  [
   0.06,
   0.08,
   0.87,
   0.07,
   0.07,
   0.05
  ],
  [
   0.07,
   0.06,
   0.07,
   0.86,
   0.07,
   0.05
  ],
  [
   0.05,
   0.06,
   0.07,
   0.07,
   0.86,
   0.07
  ],
  [
   0.07,
   0.07,
   0.05,
   0.05,
   0.07,
   0.86
  ]
 ],
 "chain_pair_pae_min": [
  [
   0.76,
   20.24,
   22.72,
   21.89,
   23.65,
   23.07
  ],
  [
   20.23,
   0.76,
   20.24,
   22.78,
   23.15,
   23.28
  ],
  [
   22.58,
   20.54,
   0.76,
   21.38,
   22.52,
   23.39
  ],
  [
   22.02,
   23.1,
   21.23,
   0.76,
   22.14,
   23.86
  ],
  [
   23.72,
   23.31,
   22.29,
   21.59,
   0.76,
   21.63
  ],
  [
   22.87,
   22.49,
   23.23,
   23.21,
   21.53,
   0.76
  ]
 ],
 "chain_ptm": [
  0.87,
  0.86,
  0.87,
  0.86,
  0.86,
  0.86
 ],
 "fraction_disordered": 0.0,
 "has_clash": 0.0,
 "iptm": 0.13,
 "num_recycles": 10.0,
 "ptm": 0.27,
 "ranking_score": 0.16
}