{
 "chain_iptm": [
  0.08,
  0.08,
  0.07,
  0.07
 ],
 "chain_pair_iptm": [
  [
   0.87,
   0.08,
   0.07,
   0.07
  ],
  [
   0.08,
   0.86,
   0.08,
   0.07
  ],
  [
   0.07,
   0.08,
   0.87,
   0.07
  ],
  [
   0.07,
   0.07,
   0.07,
   0.87
  ]
 ],
 "chain_pair_pae_min": [
  [
   0.76,
   18.83,
   20.58,
   20.74
  ],
  [
   18.85,
   0.76,
   20.31,
   21.9
  ],
  [
   20.86,
   20.36,
   0.76,
   20.39
  ],
  [
   20.92,
   21.29,
   20.73,
   0.76
  ]
 ],
 "chain_ptm": [
  0.87,
  0.86,
  0.87,
  0.87
 ],
 "fraction_disordered": 0.0,
 "has_clash": 0.0,
 "iptm": 0.12,
 "num_recycles": 10.0,
 "ptm": 0.33,
 "ranking_score": 0.16
}