{
 "chain_iptm": [
  0.1,
  0.1,
  0.11,
  0.1
 ],
 "chain_pair_iptm": [
  [
   0.86,
   0.11,
   0.11,
   0.09
  ],
  [
   0.11,
   0.86,
   0.1,
   0.1
  ],
  [
   0.11,
   0.1,
   0.86,
   0.11
  ],
  [
   0.09,
   0.1,
   0.11,
   0.86
  ]
 ],
 "chain_pair_pae_min": [
  [
   0.76,
   17.29,
   18.73,
   19.61
  ],
  [
   17.36,
   0.76,
   18.63,
   19.47
  ],
  [
   18.73,
   19.09,
   0.76,
   18.86
  ],
  [
   20.08,
   19.53,
   18.86,
   0.76
  ]
 ],
 "chain_ptm": [
  0.86,
  0.86,
  0.86,
  0.86
 ],
 "fraction_disordered": 0.0,
 "has_clash": 0.0,
 "iptm": 0.16,
 "num_recycles": 10.0,
 "ptm": 0.35,
 "ranking_score": 0.19
}