{
 "chain_iptm": [
  0.1,
  0.1,
  0.09,
  0.09
 ],
 "chain_pair_iptm": [
  [
   0.86,
   0.12,
   0.09,
   0.1
  ],
  [
   0.12,
   0.86,
   0.1,
   0.09
  ],
  [
   0.09,
   0.1,
   0.86,
   0.07
  ],
  [
   0.1,
   0.09,
   0.07,
   0.86
  ]
 ],
 "chain_pair_pae_min": [
  [
   0.76,
   17.26,
   19.61,
   19.85
  ],
  [
   17.27,
   0.76,
   19.0,
   20.37
  ],
  [
   19.11,
   18.56,
   0.76,
   20.09
  ],
  [
   19.47,
   20.04,
   20.22,
   0.76
  ]
 ],
 "chain_ptm": [
  0.86,
  0.86,
  0.86,
  0.86
 ],
 "fraction_disordered": 0.0,
 "has_clash": 0.0,
 "iptm": 0.15,
 "num_recycles": 10.0,
 "ptm": 0.35,
 "ranking_score": 0.19
}