{
 "chain_iptm": [
  0.08,
  0.08,
  0.08,
  0.08
 ],
 "chain_pair_iptm": [
  [
   0.87,
   0.1,
   0.07,
   0.07
  ],
  [
   0.1,
   0.87,
   0.07,
   0.08
  ],
  [
   0.07,
   0.07,
   0.87,
   0.09
  ],
  [
   0.07,
   0.08,
   0.09,
   0.87
  ]
 ],
 "chain_pair_pae_min": [
  [
   0.76,
   18.61,
   21.85,
   21.77
  ],
  [
   19.9,
   0.76,
   21.64,
   20.49
  ],
  [
   21.6,
   21.12,
   0.76,
   20.03
  ],
  [
   22.36,
   20.54,
   21.08,
   0.76
  ]
 ],
 "chain_ptm": [
  0.87,
  0.87,
  0.87,
  0.87
 ],
 "fraction_disordered": 0.0,
 "has_clash": 0.0,
 "iptm": 0.12,
 "num_recycles": 10.0,
 "ptm": 0.33,
 "ranking_score": 0.16
}