{
 "chain_iptm": [
  0.08,
  0.08,
  0.08,
  0.07
 ],
 "chain_pair_iptm": [
  [
   0.87,
   0.08,
   0.08,
   0.07
  ],
  [
   0.08,
   0.87,
   0.07,
   0.08
  ],
  [
   0.08,
   0.07,
   0.87,
   0.08
  ],
  [
   0.07,
   0.08,
   0.08,
   0.87
  ]
 ],
 "chain_pair_pae_min": [
  [
   0.76,
   19.42,
   20.07,
   20.79
  ],
  [
   19.65,
   0.76,
   20.04,
   21.01
  ],
  [
   20.09,
   20.09,
   0.76,
   20.63
  ],
  [
   20.72,
   20.94,
   20.88,
   0.76
  ]
 ],
 "chain_ptm": [
  0.87,
  0.87,
  0.87,
  0.87
 ],
 "fraction_disordered": 0.0,
 "has_clash": 0.0,
 "iptm": 0.12,
 "num_recycles": 10.0,
 "ptm": 0.33,
 "ranking_score": 0.16
}