{
 "chain_iptm": [
  0.06,
  0.06,
  0.07,
  0.06,
  0.06
 ],
 "chain_pair_iptm": [
  [
   0.87,
   0.07,
   0.06,
   0.07,
   0.06
  ],
  [
   0.07,
   0.87,
   0.07,
   0.06,
   0.06
  ],
  [
   0.06,
   0.07,
   0.87,
   0.08,
   0.08
  ],
  [
   0.07,
   0.06,
   0.08,
   0.87,
   0.05
  ],
  [
   0.06,
   0.06,
   0.08,
   0.05,
   0.87
  ]
 ],
 "chain_pair_pae_min": [
  [
   0.76,
   20.37,
   22.35,
   22.33,
   22.3
  ],
  [
   20.41,
   0.76,
   21.71,
   22.14,
   23.11
  ],
  [
   22.2,
   21.42,
   0.76,
   20.27,
   22.43
  ],
  [
   21.89,
   22.05,
   20.54,
   0.76,
   23.0
  ],
  [
   22.02,
   23.19,
   22.26,
   22.83,
   0.76
  ]
 ],
 "chain_ptm": [
  0.87,
  0.87,
  0.87,
  0.87,
  0.87
 ],
 "fraction_disordered": 0.0,
 "has_clash": 0.0,
 "iptm": 0.12,
 "num_recycles": 10.0,
 "ptm": 0.29,
 "ranking_score": 0.16
}