{
 "chain_iptm": [
  0.27,
  0.26,
  0.25,
  0.25,
  0.05
 ],
 "chain_pair_iptm": [
  [
   0.83,
   0.54,
   0.26,
   0.24,
   0.05
  ],
  [
   0.54,
   0.83,
   0.23,
   0.24,
   0.05
  ],
  [
   0.26,
   0.23,
   0.83,
   0.45,
   0.05
  ],
  [
   0.24,
   0.24,
   0.45,
   0.83,
   0.05
  ],
  [
   0.05,
   0.05,
   0.05,
   0.05,
   0.81
  ]
 ],
 "chain_pair_pae_min": [
  [
   0.76,
   5.63,
   16.82,
   17.52,
   28.81
  ],
  [
   5.83,
   0.76,
   17.3,
   16.9,
   28.36
  ],
  [
   16.62,
   17.3,
   0.76,
   8.77,
   29.43
  ],
  [
   18.63,
   17.37,
   8.63,
   0.76,
   26.57
  ],
  [
   30.16,
   29.24,
   29.22,
   27.44,
   0.76
  ]
 ],
 "chain_ptm": [
  0.83,
  0.83,
  0.83,
  0.83,
  0.81
 ],
 "fraction_disordered": 0.0,
 "has_clash": 0.0,
 "iptm": 0.34,
 "num_recycles": 10.0,
 "ptm": 0.45,
 "ranking_score": 0.36
}