{
 "chain_iptm": [
  0.06,
  0.06,
  0.06,
  0.06,
  0.06
 ],
 "chain_pair_iptm": [
  [
   0.87,
   0.07,
   0.06,
   0.05,
   0.06
  ],
  [
   0.07,
   0.87,
   0.06,
   0.07,
   0.05
  ],
  [
   0.06,
   0.06,
   0.87,
   0.07,
   0.05
  ],
  [
   0.05,
   0.07,
   0.07,
   0.87,
   0.06
  ],
  [
   0.06,
   0.05,
   0.05,
   0.06,
   0.87
  ]
 ],
 "chain_pair_pae_min": [
  [
   0.76,
   20.59,
   21.87,
   23.62,
   23.67
  ],
  [
   21.06,
   0.76,
   21.1,
   21.86,
   23.68
  ],
  [
   22.09,
   21.44,
   0.76,
   21.52,
   24.1
  ],
  [
   23.78,
   22.13,
   21.46,
   0.76,
   21.84
  ],
  [
   23.5,
   23.31,
   23.4,
   21.79,
   0.76
  ]
 ],
 "chain_ptm": [
  0.87,
  0.87,
  0.87,
  0.87,
  0.87
 ],
 "fraction_disordered": 0.0,
 "has_clash": 0.0,
 "iptm": 0.12,
 "num_recycles": 10.0,
 "ptm": 0.29,
 "ranking_score": 0.15
}