{
 "chain_iptm": [
  0.31,
  0.31,
  0.29,
  0.27,
  0.05
 ],
 "chain_pair_iptm": [
  [
   0.84,
   0.58,
   0.32,
   0.27,
   0.05
  ],
  [
   0.58,
   0.84,
   0.31,
   0.28,
   0.05
  ],
  [
   0.32,
   0.31,
   0.84,
   0.48,
   0.05
  ],
  [
   0.27,
   0.28,
   0.48,
   0.83,
   0.05
  ],
  [
   0.05,
   0.05,
   0.05,
   0.05,
   0.81
  ]
 ],
 "chain_pair_pae_min": [
  [
   0.76,
   5.28,
   14.95,
   17.24,
   28.33
  ],
  [
   5.14,
   0.76,
   15.39,
   16.21,
   28.61
  ],
  [
   14.37,
   15.28,
   0.76,
   8.13,
   28.25
  ],
  [
   16.28,
   16.3,
   7.82,
   0.76,
   28.59
  ],
  [
   28.86,
   28.78,
   28.96,
   28.36,
   0.76
  ]
 ],
 "chain_ptm": [
  0.84,
  0.84,
  0.84,
  0.83,
  0.81
 ],
 "fraction_disordered": 0.0,
 "has_clash": 0.0,
 "iptm": 0.37,
 "num_recycles": 10.0,
 "ptm": 0.48,
 "ranking_score": 0.39
}