{
 "chain_iptm": [
  0.07,
  0.07,
  0.07,
  0.07,
  0.07
 ],
 "chain_pair_iptm": [
  [
   0.87,
   0.07,
   0.08,
   0.06,
   0.08
  ],
  [
   0.07,
   0.87,
   0.06,
   0.06,
   0.06
  ],
  [
   0.08,
   0.06,
   0.87,
   0.08,
   0.06
  ],
  [
   0.06,
   0.06,
   0.08,
   0.87,
   0.07
  ],
  [
   0.08,
   0.06,
   0.06,
   0.07,
   0.87
  ]
 ],
 "chain_pair_pae_min": [
  [
   0.76,
   20.43,
   20.63,
   22.32,
   21.34
  ],
  [
   20.7,
   0.76,
   21.39,
   22.23,
   22.27
  ],
  [
   20.23,
   21.59,
   0.76,
   20.62,
   22.31
  ],
  [
   22.45,
   22.09,
   20.36,
   0.76,
   20.8
  ],
  [
   21.69,
   22.49,
   22.18,
   20.93,
   0.76
  ]
 ],
 "chain_ptm": [
  0.87,
  0.87,
  0.87,
  0.87,
  0.87
 ],
 "fraction_disordered": 0.0,
 "has_clash": 0.0,
 "iptm": 0.13,
 "num_recycles": 10.0,
 "ptm": 0.29,
 "ranking_score": 0.16
}