{
 "chain_iptm": [
  0.31,
  0.32,
  0.3,
  0.3,
  0.07
 ],
 "chain_pair_iptm": [
  [
   0.84,
   0.6,
   0.29,
   0.28,
   0.07
  ],
  [
   0.6,
   0.84,
   0.29,
   0.31,
   0.07
  ],
  [
   0.29,
   0.29,
   0.84,
   0.54,
   0.08
  ],
  [
   0.28,
   0.31,
   0.54,
   0.84,
   0.06
  ],
  [
   0.07,
   0.07,
   0.08,
   0.06,
   0.82
  ]
 ],
 "chain_pair_pae_min": [
  [
   0.76,
   5.02,
   14.62,
   16.05,
   24.12
  ],
  [
   4.99,
   0.76,
   14.7,
   14.87,
   25.72
  ],
  [
   14.72,
   15.71,
   0.76,
   6.82,
   23.81
  ],
  [
   15.62,
   14.89,
   6.43,
   0.76,
   25.46
  ],
  [
   24.15,
   26.96,
   23.4,
   26.38,
   0.76
  ]
 ],
 "chain_ptm": [
  0.84,
  0.84,
  0.84,
  0.84,
  0.82
 ],
 "fraction_disordered": 0.0,
 "has_clash": 0.0,
 "iptm": 0.38,
 "num_recycles": 10.0,
 "ptm": 0.49,
 "ranking_score": 0.41
}