{
 "chain_iptm": [
  0.07,
  0.06,
  0.07,
  0.07,
  0.07
 ],
 "chain_pair_iptm": [
  [
   0.87,
   0.08,
   0.06,
   0.06,
   0.06
  ],
  [
   0.08,
   0.87,
   0.06,
   0.05,
   0.06
  ],
  [
   0.06,
   0.06,
   0.87,
   0.08,
   0.06
  ],
  [
   0.06,
   0.05,
   0.08,
   0.87,
   0.09
  ],
  [
   0.06,
   0.06,
   0.06,
   0.09,
   0.87
  ]
 ],
 "chain_pair_pae_min": [
  [
   0.76,
   20.36,
   21.34,
   22.62,
   22.9
  ],
  [
   20.22,
   0.76,
   21.89,
   23.47,
   22.84
  ],
  [
   21.36,
   21.95,
   0.76,
   20.36,
   22.83
  ],
  [
   22.36,
   23.09,
   20.37,
   0.76,
   19.64
  ],
  [
   22.88,
   22.03,
   22.16,
   20.15,
   0.76
  ]
 ],
 "chain_ptm": [
  0.87,
  0.87,
  0.87,
  0.87,
  0.87
 ],
 "fraction_disordered": 0.0,
 "has_clash": 0.0,
 "iptm": 0.13,
 "num_recycles": 10.0,
 "ptm": 0.3,
 "ranking_score": 0.16
}