{
 "chain_iptm": [
  0.3,
  0.29,
  0.28,
  0.27,
  0.07
 ],
 "chain_pair_iptm": [
  [
   0.84,
   0.59,
   0.29,
   0.24,
   0.06
  ],
  [
   0.59,
   0.83,
   0.26,
   0.25,
   0.07
  ],
  [
   0.29,
   0.26,
   0.83,
   0.52,
   0.06
  ],
  [
   0.24,
   0.25,
   0.52,
   0.83,
   0.08
  ],
  [
   0.06,
   0.07,
   0.06,
   0.08,
   0.81
  ]
 ],
 "chain_pair_pae_min": [
  [
   0.76,
   5.12,
   14.44,
   15.5,
   26.39
  ],
  [
   5.46,
   0.76,
   15.44,
   15.63,
   24.72
  ],
  [
   14.79,
   15.07,
   0.76,
   6.64,
   26.43
  ],
  [
   16.72,
   16.06,
   7.11,
   0.76,
   24.09
  ],
  [
   27.18,
   24.32,
   27.04,
   23.25,
   0.76
  ]
 ],
 "chain_ptm": [
  0.84,
  0.83,
  0.83,
  0.83,
  0.81
 ],
 "fraction_disordered": 0.0,
 "has_clash": 0.0,
 "iptm": 0.37,
 "num_recycles": 10.0,
 "ptm": 0.48,
 "ranking_score": 0.39
}