{
 "chain_iptm": [
  0.32,
  0.32,
  0.31,
  0.31,
  0.08
 ],
 "chain_pair_iptm": [
  [
   0.83,
   0.6,
   0.31,
   0.3,
   0.09
  ],
  [
   0.6,
   0.84,
   0.31,
   0.32,
   0.07
  ],
  [
   0.31,
   0.31,
   0.83,
   0.54,
   0.08
  ],
  [
   0.3,
   0.32,
   0.54,
   0.84,
   0.07
  ],
  [
   0.09,
   0.07,
   0.08,
   0.07,
   0.81
  ]
 ],
 "chain_pair_pae_min": [
  [
   0.76,
   5.26,
   14.03,
   16.21,
   23.73
  ],
  [
   5.05,
   0.76,
   14.54,
   14.98,
   25.04
  ],
  [
   14.46,
   15.26,
   0.76,
   6.52,
   23.32
  ],
  [
   15.25,
   14.88,
   6.19,
   0.76,
   24.9
  ],
  [
   22.6,
   26.15,
   23.38,
   26.61,
   0.76
  ]
 ],
 "chain_ptm": [
  0.83,
  0.84,
  0.83,
  0.84,
  0.81
 ],
 "fraction_disordered": 0.0,
 "has_clash": 0.0,
 "iptm": 0.39,
 "num_recycles": 10.0,
 "ptm": 0.5,
 "ranking_score": 0.41
}