{
 "chain_iptm": [
  0.07,
  0.07,
  0.07,
  0.07,
  0.07
 ],
 "chain_pair_iptm": [
  [
   0.87,
   0.08,
   0.06,
   0.06,
   0.06
  ],
  [
   0.08,
   0.87,
   0.08,
   0.06,
   0.06
  ],
  [
   0.06,
   0.08,
   0.87,
   0.07,
   0.06
  ],
  [
   0.06,
   0.06,
   0.07,
   0.87,
   0.08
  ],
  [
   0.06,
   0.06,
   0.06,
   0.08,
   0.87
  ]
 ],
 "chain_pair_pae_min": [
  [
   0.76,
   19.89,
   22.18,
   22.34,
   22.19
  ],
  [
   19.7,
   0.76,
   20.16,
   22.8,
   22.68
  ],
  [
   21.66,
   20.34,
   0.76,
   20.83,
   23.38
  ],
  [
   21.91,
   22.92,
   21.26,
   0.76,
   21.19
  ],
  [
   22.15,
   23.04,
   23.04,
   20.83,
   0.76
  ]
 ],
 "chain_ptm": [
  0.87,
  0.87,
  0.87,
  0.87,
  0.87
 ],
 "fraction_disordered": 0.0,
 "has_clash": 0.0,
 "iptm": 0.13,
 "num_recycles": 10.0,
 "ptm": 0.29,
 "ranking_score": 0.16
}