{
 "chain_iptm": [
  0.04,
  0.04,
  0.04,
  0.04,
  0.04,
  0.04,
  0.04,
  0.04,
  0.04,
  0.04
 ],
 "chain_pair_iptm": [
  [
   0.85,
   0.06,
   0.05,
   0.05,
   0.05,
   0.04,
   0.04,
   0.04,
   0.04,
   0.04
  ],
  [
   0.06,
   0.85,
   0.07,
   0.04,
   0.04,
   0.04,
   0.04,
   0.04,
   0.04,
   0.04
  ],
  [
   0.05,
   0.07,
   0.85,
   0.05,
   0.04,
   0.04,
   0.05,
   0.04,
   0.04,
   0.04
  ],
  [
   0.05,
   0.04,
   0.05,
   0.85,
   0.05,
   0.05,
   0.04,
   0.04,
   0.04,
   0.04
  ],
  [
   0.05,
   0.04,
   0.04,
   0.05,
   0.85,
   0.05,
   0.04,
   0.04,
   0.04,
   0.04
  ],
  [
   0.04,
   0.04,
   0.04,
   0.05,
   0.05,
   0.85,
   0.05,
   0.05,
   0.04,
   0.04
  ],
  [
   0.04,
   0.04,
   0.05,
   0.04,
   0.04,
   0.05,
   0.85,
   0.04,
   0.05,
   0.03
  ],
  [
   0.04,
   0.04,
   0.04,
   0.04,
   0.04,
   0.05,
   0.04,
   0.85,
   0.05,
   0.05
  ],
  [
   0.04,
   0.04,
   0.04,
   0.04,
   0.04,
   0.04,
   0.05,
   0.05,
   0.85,
   0.04
  ],
  [
   0.04,
   0.04,
   0.04,
   0.04,
   0.04,
   0.04,
   0.03,
   0.05,
   0.04,
   0.85
  ]
 ],
 "chain_pair_pae_min": [
  [
   0.76,
   22.76,
   25.14,
   23.47,
   24.64,
   27.53,
   28.27,
   28.92,
   29.16,
   28.57
  ],
  [
   23.45,
   0.76,
   22.74,
   24.51,
   26.82,
   28.17,
   27.77,
   28.58,
   28.5,
   28.37
  ],
  [
   25.04,
   22.86,
   0.76,
   22.99,
   27.44,
   27.53,
   25.09,
   28.69,
   28.62,
   29.38
  ],
  [
   23.35,
   25.22,
   23.74,
   0.76,
   24.94,
   26.05,
   26.47,
   28.64,
   29.38,
   29.35
  ],
  [
   24.76,
   26.77,
   27.37,
   24.16,
   0.76,
   24.88,
   27.58,
   27.48,
   28.91,
   27.44
  ],
  [
   27.86,
   28.32,
   27.92,
   25.67,
   25.15,
   0.76,
   24.28,
   25.86,
   28.34,
   28.95
  ],
  [
   28.23,
   27.67,
   25.42,
   26.18,
   27.77,
   25.0,
   0.76,
   26.52,
   26.16,
   29.4
  ],
  [
   28.41,
   28.6,
   28.34,
   28.14,
   26.84,
   25.5,
   26.29,
   0.76,
   23.26,
   25.06
  ],
  [
   28.71,
   27.93,
   27.89,
   28.66,
   28.47,
   28.0,
   26.19,
   22.46,
   0.76,
   25.95
  ],
  [
   27.81,
   27.77,
   28.59,
   28.57,
   26.35,
   28.26,
   29.02,
   25.09,
   25.3,
   0.76
  ]
 ],
 "chain_ptm": [
  0.85,
  0.85,
  0.85,
  0.85,
  0.85,
  0.85,
  0.85,
  0.85,
  0.85,
  0.85
 ],
 "fraction_disordered": 0.0,
 "has_clash": 0.0,
 "iptm": 0.14,
 "num_recycles": 10.0,
 "ptm": 0.22,
 "ranking_score": 0.15
}