{
 "chain_iptm": [
  0.06,
  0.06,
  0.06,
  0.05,
  0.06,
  0.05,
  0.05,
  0.05,
  0.05,
  0.05
 ],
 "chain_pair_iptm": [
  [
   0.85,
   0.14,
   0.08,
   0.06,
   0.06,
   0.05,
   0.05,
   0.04,
   0.04,
   0.04
  ],
  [
   0.14,
   0.85,
   0.06,
   0.06,
   0.05,
   0.07,
   0.06,
   0.04,
   0.05,
   0.04
  ],
  [
   0.08,
   0.06,
   0.85,
   0.06,
   0.14,
   0.05,
   0.05,
   0.05,
   0.05,
   0.05
  ],
  [
   0.06,
   0.06,
   0.06,
   0.85,
   0.06,
   0.06,
   0.04,
   0.04,
   0.04,
   0.05
  ],
  [
   0.06,
   0.05,
   0.14,
   0.06,
   0.85,
   0.05,
   0.05,
   0.07,
   0.05,
   0.06
  ],
  [
   0.05,
   0.07,
   0.05,
   0.06,
   0.05,
   0.86,
   0.07,
   0.05,
   0.04,
   0.05
  ],
  [
   0.05,
   0.06,
   0.05,
   0.04,
   0.05,
   0.07,
   0.85,
   0.06,
   0.05,
   0.05
  ],
  [
   0.04,
   0.04,
   0.05,
   0.04,
   0.07,
   0.05,
   0.06,
   0.85,
   0.06,
   0.06
  ],
  [
   0.04,
   0.05,
   0.05,
   0.04,
   0.05,
   0.04,
   0.05,
   0.06,
   0.86,
   0.04
  ],
  [
   0.04,
   0.04,
   0.05,
   0.05,
   0.06,
   0.05,
   0.05,
   0.06,
   0.04,
   0.85
  ]
 ],
 "chain_pair_pae_min": [
  [
   0.76,
   15.42,
   22.01,
   23.09,
   23.99,
   24.1,
   25.61,
   26.96,
   27.53,
   27.84
  ],
  [
   15.57,
   0.76,
   23.0,
   23.23,
   25.05,
   24.38,
   24.82,
   26.7,
   27.04,
   27.55
  ],
  [
   21.49,
   23.13,
   0.76,
   23.21,
   17.86,
   25.6,
   26.06,
   25.11,
   26.83,
   26.74
  ],
  [
   21.7,
   23.71,
   23.76,
   0.76,
   22.57,
   23.68,
   26.21,
   26.99,
   28.31,
   26.99
  ],
  [
   23.75,
   24.8,
   18.18,
   22.3,
   0.76,
   25.17,
   25.48,
   25.12,
   26.23,
   26.18
  ],
  [
   24.82,
   23.82,
   26.15,
   24.27,
   25.75,
   0.76,
   23.97,
   25.36,
   27.35,
   25.82
  ],
  [
   25.78,
   25.3,
   26.46,
   25.94,
   26.27,
   23.78,
   0.76,
   22.43,
   24.21,
   25.79
  ],
  [
   26.78,
   26.75,
   25.61,
   26.85,
   24.77,
   25.4,
   22.25,
   0.76,
   23.34,
   25.58
  ],
  [
   26.79,
   26.58,
   26.37,
   27.64,
   26.54,
   26.87,
   24.15,
   22.49,
   0.76,
   27.4
  ],
  [
   26.96,
   26.86,
   26.48,
   26.08,
   26.2,
   25.25,
   25.72,
   24.86,
   27.34,
   0.76
  ]
 ],
 "chain_ptm": [
  0.85,
  0.85,
  0.85,
  0.85,
  0.85,
  0.86,
  0.85,
  0.85,
  0.86,
  0.85
 ],
 "fraction_disordered": 0.0,
 "has_clash": 0.0,
 "iptm": 0.17,
 "num_recycles": 10.0,
 "ptm": 0.24,
 "ranking_score": 0.18
}