{
 "chain_iptm": [
  0.04,
  0.05,
  0.05,
  0.05,
  0.05,
  0.04,
  0.04,
  0.04,
  0.04,
  0.04
 ],
 "chain_pair_iptm": [
  [
   0.86,
   0.06,
   0.05,
   0.04,
   0.04,
   0.04,
   0.04,
   0.04,
   0.05,
   0.04
  ],
  [
   0.06,
   0.85,
   0.05,
   0.06,
   0.04,
   0.04,
   0.04,
   0.04,
   0.04,
   0.05
  ],
  [
   0.05,
   0.05,
   0.85,
   0.06,
   0.05,
   0.05,
   0.04,
   0.04,
   0.04,
   0.04
  ],
  [
   0.04,
   0.06,
   0.06,
   0.85,
   0.06,
   0.04,
   0.04,
   0.05,
   0.04,
   0.04
  ],
  [
   0.04,
   0.04,
   0.05,
   0.06,
   0.85,
   0.05,
   0.05,
   0.05,
   0.04,
   0.04
  ],
  [
   0.04,
   0.04,
   0.05,
   0.04,
   0.05,
   0.85,
   0.06,
   0.04,
   0.04,
   0.03
  ],
  [
   0.04,
   0.04,
   0.04,
   0.04,
   0.05,
   0.06,
   0.85,
   0.05,
   0.04,
   0.04
  ],
  [
   0.04,
   0.04,
   0.04,
   0.05,
   0.05,
   0.04,
   0.05,
   0.85,
   0.04,
   0.05
  ],
  [
   0.05,
   0.04,
   0.04,
   0.04,
   0.04,
   0.04,
   0.04,
   0.04,
   0.86,
   0.05
  ],
  [
   0.04,
   0.05,
   0.04,
   0.04,
   0.04,
   0.03,
   0.04,
   0.05,
   0.05,
   0.85
  ]
 ],
 "chain_pair_pae_min": [
  [
   0.76,
   22.16,
   23.17,
   25.99,
   27.08,
   26.1,
   27.99,
   28.81,
   28.11,
   28.79
  ],
  [
   22.33,
   0.76,
   24.03,
   23.83,
   26.14,
   27.19,
   28.41,
   28.43,
   28.17,
   27.05
  ],
  [
   23.82,
   23.66,
   0.76,
   21.9,
   23.9,
   25.38,
   27.8,
   28.95,
   28.96,
   29.34
  ],
  [
   26.14,
   24.41,
   22.16,
   0.76,
   23.33,
   25.81,
   27.83,
   27.59,
   29.18,
   29.15
  ],
  [
   27.32,
   26.32,
   24.24,
   23.4,
   0.76,
   23.31,
   25.26,
   27.22,
   29.06,
   29.21
  ],
  [
   26.57,
   27.65,
   25.37,
   25.95,
   23.84,
   0.76,
   24.24,
   27.77,
   27.34,
   29.72
  ],
  [
   27.82,
   28.55,
   27.42,
   27.68,
   25.13,
   24.61,
   0.76,
   23.85,
   27.11,
   28.89
  ],
  [
   28.76,
   28.15,
   28.19,
   27.02,
   26.72,
   27.5,
   24.13,
   0.76,
   25.86,
   26.02
  ],
  [
   27.69,
   27.98,
   28.21,
   28.69,
   28.62,
   27.03,
   26.11,
   25.56,
   0.76,
   25.85
  ],
  [
   27.95,
   26.67,
   28.4,
   28.17,
   28.71,
   29.08,
   28.08,
   25.11,
   25.21,
   0.76
  ]
 ],
 "chain_ptm": [
  0.86,
  0.85,
  0.85,
  0.85,
  0.85,
  0.85,
  0.85,
  0.85,
  0.86,
  0.85
 ],
 "fraction_disordered": 0.0,
 "has_clash": 0.0,
 "iptm": 0.14,
 "num_recycles": 10.0,
 "ptm": 0.22,
 "ranking_score": 0.16
}