{
 "chain_iptm": [
  0.05,
  0.05,
  0.05,
  0.05,
  0.05,
  0.05,
  0.05,
  0.05,
  0.05,
  0.05
 ],
 "chain_pair_iptm": [
  [
   0.85,
   0.08,
   0.08,
   0.07,
   0.04,
   0.05,
   0.06,
   0.04,
   0.04,
   0.04
  ],
  [
   0.08,
   0.85,
   0.07,
   0.05,
   0.04,
   0.04,
   0.04,
   0.04,
   0.05,
   0.05
  ],
  [
   0.08,
   0.07,
   0.85,
   0.07,
   0.04,
   0.04,
   0.05,
   0.04,
   0.05,
   0.04
  ],
  [
   0.07,
   0.05,
   0.07,
   0.85,
   0.05,
   0.06,
   0.06,
   0.04,
   0.04,
   0.04
  ],
  [
   0.04,
   0.04,
   0.04,
   0.05,
   0.85,
   0.07,
   0.06,
   0.05,
   0.04,
   0.05
  ],
  [
   0.05,
   0.04,
   0.04,
   0.06,
   0.07,
   0.85,
   0.06,
   0.06,
   0.04,
   0.04
  ],
  [
   0.06,
   0.04,
   0.05,
   0.06,
   0.06,
   0.06,
   0.85,
   0.04,
   0.04,
   0.04
  ],
  [
   0.04,
   0.04,
   0.04,
   0.04,
   0.05,
   0.06,
   0.04,
   0.85,
   0.06,
   0.06
  ],
  [
   0.04,
   0.05,
   0.05,
   0.04,
   0.04,
   0.04,
   0.04,
   0.06,
   0.85,
   0.05
  ],
  [
   0.04,
   0.05,
   0.04,
   0.04,
   0.05,
   0.04,
   0.04,
   0.06,
   0.05,
   0.85
  ]
 ],
 "chain_pair_pae_min": [
  [
   0.76,
   22.85,
   20.63,
   22.57,
   27.13,
   25.85,
   25.17,
   28.5,
   27.44,
   28.84
  ],
  [
   21.16,
   0.76,
   21.55,
   24.58,
   27.73,
   27.57,
   27.19,
   27.42,
   25.81,
   27.46
  ],
  [
   20.56,
   22.22,
   0.76,
   22.4,
   27.86,
   26.69,
   25.7,
   28.23,
   27.2,
   28.34
  ],
  [
   22.78,
   24.89,
   22.22,
   0.76,
   25.15,
   24.26,
   22.79,
   28.15,
   28.38,
   29.21
  ],
  [
   26.84,
   27.72,
   27.57,
   24.64,
   0.76,
   20.35,
   24.4,
   25.21,
   27.68,
   27.36
  ],
  [
   25.98,
   27.93,
   26.78,
   23.78,
   21.05,
   0.76,
   22.66,
   25.19,
   28.37,
   27.18
  ],
  [
   25.37,
   27.62,
   26.0,
   23.21,
   24.42,
   23.4,
   0.76,
   27.15,
   29.14,
   28.51
  ],
  [
   28.16,
   27.46,
   27.94,
   27.44,
   25.14,
   24.3,
   26.57,
   0.76,
   25.23,
   23.64
  ],
  [
   27.1,
   25.47,
   26.6,
   28.08,
   27.39,
   27.61,
   28.72,
   23.97,
   0.76,
   23.82
  ],
  [
   28.05,
   26.89,
   27.7,
   28.45,
   26.28,
   26.78,
   28.39,
   22.85,
   23.87,
   0.76
  ]
 ],
 "chain_ptm": [
  0.85,
  0.85,
  0.85,
  0.85,
  0.85,
  0.85,
  0.85,
  0.85,
  0.85,
  0.85
 ],
 "fraction_disordered": 0.0,
 "has_clash": 0.0,
 "iptm": 0.15,
 "num_recycles": 10.0,
 "ptm": 0.23,
 "ranking_score": 0.17
}