{
 "chain_iptm": [
  0.04,
  0.05,
  0.05,
  0.04,
  0.04,
  0.04,
  0.04,
  0.04,
  0.04,
  0.04
 ],
 "chain_pair_iptm": [
  [
   0.86,
   0.05,
   0.04,
   0.04,
   0.04,
   0.05,
   0.04,
   0.04,
   0.05,
   0.05
  ],
  [
   0.05,
   0.85,
   0.06,
   0.04,
   0.05,
   0.06,
   0.04,
   0.04,
   0.04,
   0.04
  ],
  [
   0.04,
   0.06,
   0.85,
   0.05,
   0.05,
   0.05,
   0.05,
   0.04,
   0.04,
   0.04
  ],
  [
   0.04,
   0.04,
   0.05,
   0.85,
   0.04,
   0.05,
   0.05,
   0.04,
   0.04,
   0.04
  ],
  [
   0.04,
   0.05,
   0.05,
   0.04,
   0.86,
   0.04,
   0.05,
   0.04,
   0.04,
   0.04
  ],
  [
   0.05,
   0.06,
   0.05,
   0.05,
   0.04,
   0.86,
   0.04,
   0.04,
   0.04,
   0.04
  ],
  [
   0.04,
   0.04,
   0.05,
   0.05,
   0.05,
   0.04,
   0.85,
   0.05,
   0.04,
   0.04
  ],
  [
   0.04,
   0.04,
   0.04,
   0.04,
   0.04,
   0.04,
   0.05,
   0.85,
   0.05,
   0.05
  ],
  [
   0.05,
   0.04,
   0.04,
   0.04,
   0.04,
   0.04,
   0.04,
   0.05,
   0.85,
   0.04
  ],
  [
   0.05,
   0.04,
   0.04,
   0.04,
   0.04,
   0.04,
   0.04,
   0.05,
   0.04,
   0.85
  ]
 ],
 "chain_pair_pae_min": [
  [
   0.76,
   23.87,
   25.1,
   26.4,
   26.87,
   24.15,
   28.34,
   28.08,
   27.11,
   28.21
  ],
  [
   23.45,
   0.76,
   22.09,
   25.79,
   25.1,
   24.75,
   27.1,
   28.61,
   28.61,
   28.66
  ],
  [
   25.71,
   22.2,
   0.76,
   24.18,
   25.68,
   25.44,
   26.19,
   27.99,
   28.54,
   29.38
  ],
  [
   26.7,
   25.88,
   23.99,
   0.76,
   27.01,
   24.88,
   25.28,
   26.49,
   26.74,
   29.29
  ],
  [
   27.05,
   24.03,
   25.57,
   26.81,
   0.76,
   27.38,
   25.1,
   26.24,
   28.56,
   28.33
  ],
  [
   25.22,
   24.93,
   25.39,
   25.33,
   27.63,
   0.76,
   27.85,
   27.98,
   26.02,
   28.78
  ],
  [
   28.69,
   27.06,
   25.86,
   25.46,
   25.39,
   27.73,
   0.76,
   23.58,
   27.68,
   28.5
  ],
  [
   28.33,
   28.32,
   27.96,
   26.22,
   26.69,
   27.65,
   23.86,
   0.76,
   25.06,
   26.68
  ],
  [
   27.39,
   28.14,
   28.21,
   26.81,
   28.33,
   25.55,
   27.51,
   24.35,
   0.76,
   25.97
  ],
  [
   27.49,
   27.89,
   28.47,
   28.47,
   27.46,
   28.29,
   28.08,
   26.27,
   26.29,
   0.76
  ]
 ],
 "chain_ptm": [
  0.86,
  0.85,
  0.85,
  0.85,
  0.86,
  0.86,
  0.85,
  0.85,
  0.85,
  0.85
 ],
 "fraction_disordered": 0.0,
 "has_clash": 0.0,
 "iptm": 0.14,
 "num_recycles": 10.0,
 "ptm": 0.22,
 "ranking_score": 0.15
}