{
 "chain_iptm": [
  0.66,
  0.67,
  0.66,
  0.67
 ],
 "chain_pair_iptm": [
  [
   0.85,
   0.87,
   0.56,
   0.56
  ],
  [
   0.87,
   0.85,
   0.56,
   0.57
  ],
  [
   0.56,
   0.56,
   0.85,
   0.87
  ],
  [
   0.56,
   0.57,
   0.87,
   0.85
  ]
 ],
 "chain_pair_pae_min": [
  [
   0.76,
   1.01,
   4.96,
   5.02
  ],
  [
   1.02,
   0.76,
   4.94,
   4.91
  ],
  [
   4.89,
   4.91,
   0.76,
   1.02
  ],
  [
   5.04,
   4.86,
   1.02,
   0.76
  ]
 ],
 "chain_ptm": [
  0.85,
  0.85,
  0.85,
  0.85
 ],
 "fraction_disordered": 0.0,
 "has_clash": 0.0,
 "iptm": 0.74,
 "num_recycles": 10.0,
 "ptm": 0.79,
 "ranking_score": 0.75
}