{
 "chain_iptm": [
  0.08,
  0.08,
  0.08,
  0.08
 ],
 "chain_pair_iptm": [
  [
   0.88,
   0.08,
   0.1,
   0.06
  ],
  [
   0.08,
   0.87,
   0.06,
   0.09
  ],
  [
   0.1,
   0.06,
   0.88,
   0.08
  ],
  [
   0.06,
   0.09,
   0.08,
   0.87
  ]
 ],
 "chain_pair_pae_min": [
  [
   0.76,
   20.62,
   19.04,
   23.51
  ],
  [
   20.58,
   0.76,
   22.52,
   20.13
  ],
  [
   19.34,
   22.44,
   0.76,
   21.39
  ],
  [
   23.35,
   20.15,
   21.27,
   0.76
  ]
 ],
 "chain_ptm": [
  0.88,
  0.87,
  0.88,
  0.87
 ],
 "fraction_disordered": 0.0,
 "has_clash": 0.0,
 "iptm": 0.12,
 "num_recycles": 10.0,
 "ptm": 0.33,
 "ranking_score": 0.16
}