{
 "chain_iptm": [
  0.71,
  0.71,
  0.71,
  0.7
 ],
 "chain_pair_iptm": [
  [
   0.85,
   0.87,
   0.63,
   0.62
  ],
  [
   0.87,
   0.85,
   0.63,
   0.62
  ],
  [
   0.63,
   0.63,
   0.85,
   0.87
  ],
  [
   0.62,
   0.62,
   0.87,
   0.85
  ]
 ],
 "chain_pair_pae_min": [
  [
   0.76,
   0.97,
   3.96,
   4.21
  ],
  [
   0.98,
   0.76,
   4.11,
   4.23
  ],
  [
   4.14,
   4.2,
   0.76,
   1.0
  ],
  [
   4.25,
   4.06,
   0.99,
   0.76
  ]
 ],
 "chain_ptm": [
  0.85,
  0.85,
  0.85,
  0.85
 ],
 "fraction_disordered": 0.0,
 "has_clash": 0.0,
 "iptm": 0.78,
 "num_recycles": 10.0,
 "ptm": 0.82,
 "ranking_score": 0.78
}