{
 "chain_iptm": [
  0.65,
  0.65,
  0.65,
  0.65
 ],
 "chain_pair_iptm": [
  [
   0.85,
   0.86,
   0.55,
   0.53
  ],
  [
   0.86,
   0.85,
   0.54,
   0.55
  ],
  [
   0.55,
   0.54,
   0.85,
   0.86
  ],
  [
   0.53,
   0.55,
   0.86,
   0.85
  ]
 ],
 "chain_pair_pae_min": [
  [
   0.76,
   1.06,
   5.0,
   5.5
  ],
  [
   1.07,
   0.76,
   5.26,
   5.11
  ],
  [
   5.07,
   5.4,
   0.76,
   1.07
  ],
  [
   5.53,
   5.19,
   1.09,
   0.76
  ]
 ],
 "chain_ptm": [
  0.85,
  0.85,
  0.85,
  0.85
 ],
 "fraction_disordered": 0.0,
 "has_clash": 0.0,
 "iptm": 0.72,
 "num_recycles": 10.0,
 "ptm": 0.78,
 "ranking_score": 0.73
}