{
 "chain_iptm": [
  0.07,
  0.07,
  0.07,
  0.07
 ],
 "chain_pair_iptm": [
  [
   0.88,
   0.07,
   0.08,
   0.06
  ],
  [
   0.07,
   0.87,
   0.07,
   0.07
  ],
  [
   0.08,
   0.07,
   0.87,
   0.06
  ],
  [
   0.06,
   0.07,
   0.06,
   0.87
  ]
 ],
 "chain_pair_pae_min": [
  [
   0.76,
   22.94,
   20.24,
   23.09
  ],
  [
   22.9,
   0.76,
   22.11,
   21.31
  ],
  [
   20.42,
   21.97,
   0.76,
   23.82
  ],
  [
   22.87,
   21.25,
   23.45,
   0.76
  ]
 ],
 "chain_ptm": [
  0.88,
  0.87,
  0.87,
  0.87
 ],
 "fraction_disordered": 0.0,
 "has_clash": 0.0,
 "iptm": 0.11,
 "num_recycles": 10.0,
 "ptm": 0.32,
 "ranking_score": 0.15
}