{
 "chain_iptm": [
  0.07,
  0.07,
  0.07,
  0.07
 ],
 "chain_pair_iptm": [
  [
   0.87,
   0.08,
   0.07,
   0.07
  ],
  [
   0.08,
   0.87,
   0.07,
   0.07
  ],
  [
   0.07,
   0.07,
   0.87,
   0.08
  ],
  [
   0.07,
   0.07,
   0.08,
   0.87
  ]
 ],
 "chain_pair_pae_min": [
  [
   0.76,
   20.23,
   20.98,
   22.7
  ],
  [
   20.22,
   0.76,
   22.18,
   21.63
  ],
  [
   20.89,
   22.04,
   0.76,
   21.08
  ],
  [
   22.71,
   21.54,
   21.11,
   0.76
  ]
 ],
 "chain_ptm": [
  0.87,
  0.87,
  0.87,
  0.87
 ],
 "fraction_disordered": 0.0,
 "has_clash": 0.0,
 "iptm": 0.11,
 "num_recycles": 10.0,
 "ptm": 0.33,
 "ranking_score": 0.16
}