{
 "chain_iptm": [
  0.08,
  0.08,
  0.08,
  0.08
 ],
 "chain_pair_iptm": [
  [
   0.87,
   0.07,
   0.09,
   0.08
  ],
  [
   0.07,
   0.87,
   0.09,
   0.08
  ],
  [
   0.09,
   0.09,
   0.87,
   0.06
  ],
  [
   0.08,
   0.08,
   0.06,
   0.87
  ]
 ],
 "chain_pair_pae_min": [
  [
   0.76,
   20.95,
   20.5,
   21.49
  ],
  [
   20.8,
   0.76,
   19.85,
   21.61
  ],
  [
   20.66,
   20.13,
   0.76,
   22.04
  ],
  [
   21.55,
   21.49,
   21.94,
   0.76
  ]
 ],
 "chain_ptm": [
  0.87,
  0.87,
  0.87,
  0.87
 ],
 "fraction_disordered": 0.0,
 "has_clash": 0.0,
 "iptm": 0.12,
 "num_recycles": 10.0,
 "ptm": 0.33,
 "ranking_score": 0.16
}