{
 "chain_iptm": [
  0.62,
  0.62,
  0.62,
  0.62
 ],
 "chain_pair_iptm": [
  [
   0.85,
   0.86,
   0.51,
   0.49
  ],
  [
   0.86,
   0.84,
   0.5,
   0.51
  ],
  [
   0.51,
   0.5,
   0.85,
   0.86
  ],
  [
   0.49,
   0.51,
   0.86,
   0.85
  ]
 ],
 "chain_pair_pae_min": [
  [
   0.76,
   1.12,
   5.41,
   5.88
  ],
  [
   1.12,
   0.76,
   5.75,
   5.38
  ],
  [
   5.47,
   5.86,
   0.76,
   1.13
  ],
  [
   5.89,
   5.45,
   1.13,
   0.76
  ]
 ],
 "chain_ptm": [
  0.85,
  0.84,
  0.85,
  0.85
 ],
 "fraction_disordered": 0.0,
 "has_clash": 0.0,
 "iptm": 0.7,
 "num_recycles": 10.0,
 "ptm": 0.75,
 "ranking_score": 0.71
}