{
 "chain_iptm": [
  0.07,
  0.07,
  0.07,
  0.07
 ],
 "chain_pair_iptm": [
  [
   0.87,
   0.08,
   0.07,
   0.06
  ],
  [
   0.08,
   0.87,
   0.07,
   0.07
  ],
  [
   0.07,
   0.07,
   0.87,
   0.07
  ],
  [
   0.06,
   0.07,
   0.07,
   0.87
  ]
 ],
 "chain_pair_pae_min": [
  [
   0.76,
   20.31,
   22.46,
   22.81
  ],
  [
   20.28,
   0.76,
   21.81,
   23.46
  ],
  [
   22.57,
   21.98,
   0.76,
   21.54
  ],
  [
   22.71,
   23.43,
   21.3,
   0.76
  ]
 ],
 "chain_ptm": [
  0.87,
  0.87,
  0.87,
  0.87
 ],
 "fraction_disordered": 0.0,
 "has_clash": 0.0,
 "iptm": 0.11,
 "num_recycles": 10.0,
 "ptm": 0.32,
 "ranking_score": 0.15
}