{
 "chain_iptm": [
  0.67,
  0.67,
  0.67,
  0.67
 ],
 "chain_pair_iptm": [
  [
   0.85,
   0.86,
   0.58,
   0.58
  ],
  [
   0.86,
   0.84,
   0.57,
   0.58
  ],
  [
   0.58,
   0.57,
   0.84,
   0.86
  ],
  [
   0.58,
   0.58,
   0.86,
   0.84
  ]
 ],
 "chain_pair_pae_min": [
  [
   0.76,
   1.04,
   4.52,
   4.7
  ],
  [
   1.04,
   0.76,
   4.57,
   4.56
  ],
  [
   4.54,
   4.6,
   0.76,
   1.07
  ],
  [
   4.61,
   4.54,
   1.06,
   0.76
  ]
 ],
 "chain_ptm": [
  0.85,
  0.84,
  0.84,
  0.84
 ],
 "fraction_disordered": 0.0,
 "has_clash": 0.0,
 "iptm": 0.74,
 "num_recycles": 10.0,
 "ptm": 0.79,
 "ranking_score": 0.75
}