{
 "chain_iptm": [
  0.05,
  0.05,
  0.05,
  0.05,
  0.05,
  0.05,
  0.05,
  0.05
 ],
 "chain_pair_iptm": [
  [
   0.86,
   0.05,
   0.06,
   0.04,
   0.05,
   0.05,
   0.05,
   0.04
  ],
  [
   0.05,
   0.86,
   0.06,
   0.05,
   0.04,
   0.04,
   0.05,
   0.05
  ],
  [
   0.06,
   0.06,
   0.86,
   0.06,
   0.05,
   0.04,
   0.05,
   0.04
  ],
  [
   0.04,
   0.05,
   0.06,
   0.86,
   0.06,
   0.04,
   0.04,
   0.05
  ],
  [
   0.05,
   0.04,
   0.05,
   0.06,
   0.86,
   0.06,
   0.04,
   0.04
  ],
  [
   0.05,
   0.04,
   0.04,
   0.04,
   0.06,
   0.86,
   0.06,
   0.06
  ],
  [
   0.05,
   0.05,
   0.05,
   0.04,
   0.04,
   0.06,
   0.86,
   0.05
  ],
  [
   0.04,
   0.05,
   0.04,
   0.05,
   0.04,
   0.06,
   0.05,
   0.86
  ]
 ],
 "chain_pair_pae_min": [
  [
   0.76,
   24.31,
   21.67,
   24.9,
   23.79,
   24.87,
   25.03,
   27.15
  ],
  [
   24.21,
   0.76,
   21.91,
   23.52,
   25.41,
   25.82,
   24.21,
   26.05
  ],
  [
   22.19,
   22.75,
   0.76,
   22.37,
   23.26,
   25.79,
   25.78,
   27.32
  ],
  [
   25.09,
   24.16,
   22.15,
   0.76,
   22.65,
   25.27,
   26.81,
   26.11
  ],
  [
   23.95,
   25.99,
   23.52,
   23.2,
   0.76,
   22.56,
   26.47,
   26.26
  ],
  [
   25.15,
   26.01,
   25.94,
   25.65,
   22.94,
   0.76,
   23.98,
   23.19
  ],
  [
   25.26,
   23.94,
   25.37,
   26.57,
   25.85,
   23.7,
   0.76,
   23.97
  ],
  [
   27.12,
   25.82,
   26.79,
   25.67,
   25.14,
   22.83,
   23.66,
   0.76
  ]
 ],
 "chain_ptm": [
  0.86,
  0.86,
  0.86,
  0.86,
  0.86,
  0.86,
  0.86,
  0.86
 ],
 "fraction_disordered": 0.0,
 "has_clash": 0.0,
 "iptm": 0.13,
 "num_recycles": 10.0,
 "ptm": 0.24,
 "ranking_score": 0.15
}