{
 "chain_iptm": [
  0.05,
  0.05,
  0.05,
  0.05,
  0.05,
  0.05,
  0.05,
  0.05
 ],
 "chain_pair_iptm": [
  [
   0.86,
   0.06,
   0.05,
   0.05,
   0.06,
   0.04,
   0.05,
   0.05
  ],
  [
   0.06,
   0.86,
   0.06,
   0.06,
   0.06,
   0.04,
   0.04,
   0.04
  ],
  [
   0.05,
   0.06,
   0.86,
   0.06,
   0.05,
   0.06,
   0.04,
   0.05
  ],
  [
   0.05,
   0.06,
   0.06,
   0.86,
   0.06,
   0.05,
   0.05,
   0.04
  ],
  [
   0.06,
   0.06,
   0.05,
   0.06,
   0.86,
   0.05,
   0.06,
   0.04
  ],
  [
   0.04,
   0.04,
   0.06,
   0.05,
   0.05,
   0.86,
   0.06,
   0.05
  ],
  [
   0.05,
   0.04,
   0.04,
   0.05,
   0.06,
   0.06,
   0.86,
   0.05
  ],
  [
   0.05,
   0.04,
   0.05,
   0.04,
   0.04,
   0.05,
   0.05,
   0.86
  ]
 ],
 "chain_pair_pae_min": [
  [
   0.76,
   20.97,
   24.18,
   24.22,
   22.87,
   25.55,
   24.95,
   24.55
  ],
  [
   21.27,
   0.76,
   21.38,
   22.21,
   22.9,
   25.32,
   26.44,
   26.29
  ],
  [
   24.21,
   21.62,
   0.76,
   21.67,
   24.49,
   23.58,
   24.95,
   25.08
  ],
  [
   24.52,
   22.41,
   21.68,
   0.76,
   20.66,
   22.92,
   24.88,
   26.63
  ],
  [
   23.48,
   23.44,
   24.77,
   20.73,
   0.76,
   22.81,
   23.74,
   26.08
  ],
  [
   25.94,
   25.5,
   23.71,
   22.63,
   22.68,
   0.76,
   22.18,
   24.45
  ],
  [
   24.88,
   26.16,
   25.02,
   24.62,
   23.39,
   22.49,
   0.76,
   22.69
  ],
  [
   24.45,
   25.52,
   24.54,
   26.17,
   25.38,
   23.98,
   22.65,
   0.76
  ]
 ],
 "chain_ptm": [
  0.86,
  0.86,
  0.86,
  0.86,
  0.86,
  0.86,
  0.86,
  0.86
 ],
 "fraction_disordered": 0.0,
 "has_clash": 0.0,
 "iptm": 0.14,
 "num_recycles": 10.0,
 "ptm": 0.24,
 "ranking_score": 0.16
}