{
 "chain_iptm": [
  0.05,
  0.05,
  0.05,
  0.05,
  0.05,
  0.05,
  0.05,
  0.05
 ],
 "chain_pair_iptm": [
  [
   0.86,
   0.06,
   0.06,
   0.06,
   0.05,
   0.05,
   0.04,
   0.04
  ],
  [
   0.06,
   0.86,
   0.06,
   0.04,
   0.07,
   0.04,
   0.05,
   0.04
  ],
  [
   0.06,
   0.06,
   0.86,
   0.06,
   0.05,
   0.04,
   0.05,
   0.04
  ],
  [
   0.06,
   0.04,
   0.06,
   0.86,
   0.04,
   0.06,
   0.05,
   0.05
  ],
  [
   0.05,
   0.07,
   0.05,
   0.04,
   0.86,
   0.06,
   0.05,
   0.05
  ],
  [
   0.05,
   0.04,
   0.04,
   0.06,
   0.06,
   0.86,
   0.04,
   0.06
  ],
  [
   0.04,
   0.05,
   0.05,
   0.05,
   0.05,
   0.04,
   0.86,
   0.06
  ],
  [
   0.04,
   0.04,
   0.04,
   0.05,
   0.05,
   0.06,
   0.06,
   0.86
  ]
 ],
 "chain_pair_pae_min": [
  [
   0.76,
   21.16,
   21.66,
   22.62,
   23.57,
   24.07,
   25.76,
   26.15
  ],
  [
   21.21,
   0.76,
   21.24,
   24.85,
   22.58,
   24.8,
   25.09,
   26.11
  ],
  [
   22.01,
   21.57,
   0.76,
   21.92,
   24.35,
   25.81,
   24.98,
   26.3
  ],
  [
   22.35,
   24.75,
   21.69,
   0.76,
   25.2,
   23.55,
   23.47,
   24.56
  ],
  [
   23.8,
   22.7,
   24.02,
   25.56,
   0.76,
   21.23,
   23.55,
   24.3
  ],
  [
   24.16,
   25.52,
   25.67,
   23.99,
   22.17,
   0.76,
   24.46,
   22.63
  ],
  [
   25.64,
   24.95,
   24.47,
   23.62,
   24.09,
   24.14,
   0.76,
   22.53
  ],
  [
   25.59,
   25.97,
   25.82,
   24.39,
   23.92,
   22.55,
   22.06,
   0.76
  ]
 ],
 "chain_ptm": [
  0.86,
  0.86,
  0.86,
  0.86,
  0.86,
  0.86,
  0.86,
  0.86
 ],
 "fraction_disordered": 0.0,
 "has_clash": 0.0,
 "iptm": 0.14,
 "num_recycles": 10.0,
 "ptm": 0.24,
 "ranking_score": 0.16
}