{
 "chain_iptm": [
  0.06,
  0.06,
  0.06,
  0.06,
  0.06,
  0.05,
  0.05,
  0.05
 ],
 "chain_pair_iptm": [
  [
   0.86,
   0.07,
   0.06,
   0.06,
   0.05,
   0.05,
   0.05,
   0.05
  ],
  [
   0.07,
   0.86,
   0.07,
   0.05,
   0.05,
   0.06,
   0.05,
   0.05
  ],
  [
   0.06,
   0.07,
   0.86,
   0.06,
   0.06,
   0.06,
   0.04,
   0.04
  ],
  [
   0.06,
   0.05,
   0.06,
   0.86,
   0.06,
   0.05,
   0.04,
   0.06
  ],
  [
   0.05,
   0.05,
   0.06,
   0.06,
   0.86,
   0.06,
   0.05,
   0.06
  ],
  [
   0.05,
   0.06,
   0.06,
   0.05,
   0.06,
   0.86,
   0.06,
   0.04
  ],
  [
   0.05,
   0.05,
   0.04,
   0.04,
   0.05,
   0.06,
   0.86,
   0.05
  ],
  [
   0.05,
   0.05,
   0.04,
   0.06,
   0.06,
   0.04,
   0.05,
   0.86
  ]
 ],
 "chain_pair_pae_min": [
  [
   0.76,
   20.84,
   21.02,
   22.54,
   24.82,
   24.74,
   24.94,
   25.0
  ],
  [
   21.15,
   0.76,
   20.87,
   24.37,
   24.36,
   22.65,
   24.14,
   24.87
  ],
  [
   21.44,
   22.11,
   0.76,
   21.53,
   22.38,
   23.02,
   25.77,
   26.16
  ],
  [
   21.46,
   24.21,
   21.5,
   0.76,
   21.97,
   22.89,
   25.24,
   24.36
  ],
  [
   25.05,
   24.82,
   22.12,
   22.13,
   0.76,
   22.18,
   22.89,
   24.38
  ],
  [
   24.55,
   22.65,
   23.1,
   23.04,
   22.59,
   0.76,
   22.69,
   25.87
  ],
  [
   24.38,
   24.38,
   25.66,
   25.58,
   23.07,
   23.3,
   0.76,
   23.75
  ],
  [
   24.37,
   24.54,
   25.13,
   23.63,
   23.52,
   25.33,
   23.13,
   0.76
  ]
 ],
 "chain_ptm": [
  0.86,
  0.86,
  0.86,
  0.86,
  0.86,
  0.86,
  0.86,
  0.86
 ],
 "fraction_disordered": 0.0,
 "has_clash": 0.0,
 "iptm": 0.14,
 "num_recycles": 10.0,
 "ptm": 0.24,
 "ranking_score": 0.16
}