{
 "chain_iptm": [
  0.05,
  0.06,
  0.05,
  0.05,
  0.05,
  0.05,
  0.05,
  0.05
 ],
 "chain_pair_iptm": [
  [
   0.86,
   0.06,
   0.05,
   0.06,
   0.05,
   0.05,
   0.04,
   0.05
  ],
  [
   0.06,
   0.86,
   0.08,
   0.06,
   0.05,
   0.04,
   0.04,
   0.04
  ],
  [
   0.05,
   0.08,
   0.86,
   0.06,
   0.05,
   0.04,
   0.05,
   0.04
  ],
  [
   0.06,
   0.06,
   0.06,
   0.86,
   0.04,
   0.06,
   0.05,
   0.04
  ],
  [
   0.05,
   0.05,
   0.05,
   0.04,
   0.86,
   0.05,
   0.05,
   0.06
  ],
  [
   0.05,
   0.04,
   0.04,
   0.06,
   0.05,
   0.86,
   0.05,
   0.05
  ],
  [
   0.04,
   0.04,
   0.05,
   0.05,
   0.05,
   0.05,
   0.86,
   0.05
  ],
  [
   0.05,
   0.04,
   0.04,
   0.04,
   0.06,
   0.05,
   0.05,
   0.86
  ]
 ],
 "chain_pair_pae_min": [
  [
   0.76,
   20.3,
   24.0,
   23.06,
   23.04,
   23.63,
   26.59,
   25.69
  ],
  [
   21.14,
   0.76,
   21.07,
   22.32,
   22.81,
   25.05,
   25.76,
   26.08
  ],
  [
   23.77,
   20.92,
   0.76,
   21.27,
   23.34,
   25.11,
   24.09,
   25.74
  ],
  [
   22.81,
   22.66,
   20.96,
   0.76,
   25.12,
   23.24,
   23.65,
   25.56
  ],
  [
   23.37,
   23.15,
   23.93,
   25.36,
   0.76,
   23.48,
   24.8,
   24.13
  ],
  [
   23.93,
   25.3,
   24.98,
   23.03,
   23.49,
   0.76,
   24.2,
   24.1
  ],
  [
   26.58,
   25.43,
   23.88,
   23.53,
   24.73,
   23.97,
   0.76,
   22.6
  ],
  [
   25.26,
   25.55,
   25.58,
   25.47,
   23.62,
   23.66,
   22.77,
   0.76
  ]
 ],
 "chain_ptm": [
  0.86,
  0.86,
  0.86,
  0.86,
  0.86,
  0.86,
  0.86,
  0.86
 ],
 "fraction_disordered": 0.0,
 "has_clash": 0.0,
 "iptm": 0.14,
 "num_recycles": 10.0,
 "ptm": 0.24,
 "ranking_score": 0.16
}