{
 "chain_iptm": [
  0.06,
  0.06,
  0.06,
  0.06,
  0.06
 ],
 "chain_pair_iptm": [
  [
   0.87,
   0.06,
   0.07,
   0.05,
   0.06
  ],
  [
   0.06,
   0.86,
   0.08,
   0.07,
   0.05
  ],
  [
   0.07,
   0.08,
   0.87,
   0.06,
   0.05
  ],
  [
   0.05,
   0.07,
   0.06,
   0.86,
   0.07
  ],
  [
   0.06,
   0.05,
   0.05,
   0.07,
   0.86
  ]
 ],
 "chain_pair_pae_min": [
  [
   0.76,
   20.1,
   19.27,
   22.53,
   22.39
  ],
  [
   20.63,
   0.76,
   20.05,
   20.01,
   23.29
  ],
  [
   19.15,
   20.19,
   0.76,
   21.86,
   22.08
  ],
  [
   22.64,
   20.35,
   21.63,
   0.76,
   21.32
  ],
  [
   22.36,
   22.91,
   21.87,
   21.14,
   0.76
  ]
 ],
 "chain_ptm": [
  0.87,
  0.86,
  0.87,
  0.86,
  0.86
 ],
 "fraction_disordered": 0.0,
 "has_clash": 0.0,
 "iptm": 0.12,
 "num_recycles": 10.0,
 "ptm": 0.29,
 "ranking_score": 0.15
}