{
 "chain_iptm": [
  0.07,
  0.06,
  0.07,
  0.07,
  0.06
 ],
 "chain_pair_iptm": [
  [
   0.87,
   0.07,
   0.07,
   0.08,
   0.06
  ],
  [
   0.07,
   0.86,
   0.06,
   0.07,
   0.06
  ],
  [
   0.07,
   0.06,
   0.87,
   0.07,
   0.07
  ],
  [
   0.08,
   0.07,
   0.07,
   0.86,
   0.06
  ],
  [
   0.06,
   0.06,
   0.07,
   0.06,
   0.86
  ]
 ],
 "chain_pair_pae_min": [
  [
   0.76,
   19.99,
   20.05,
   19.85,
   22.5
  ],
  [
   19.36,
   0.76,
   20.42,
   20.76,
   22.94
  ],
  [
   19.92,
   20.61,
   0.76,
   21.31,
   21.48
  ],
  [
   20.49,
   21.81,
   21.27,
   0.76,
   21.78
  ],
  [
   22.02,
   22.55,
   21.09,
   21.37,
   0.76
  ]
 ],
 "chain_ptm": [
  0.87,
  0.86,
  0.87,
  0.86,
  0.86
 ],
 "fraction_disordered": 0.0,
 "has_clash": 0.0,
 "iptm": 0.13,
 "num_recycles": 10.0,
 "ptm": 0.29,
 "ranking_score": 0.16
}