{
 "chain_iptm": [
  0.06,
  0.06,
  0.06,
  0.05,
  0.06
 ],
 "chain_pair_iptm": [
  [
   0.87,
   0.08,
   0.05,
   0.04,
   0.06
  ],
  [
   0.08,
   0.86,
   0.08,
   0.06,
   0.04
  ],
  [
   0.05,
   0.08,
   0.87,
   0.05,
   0.05
  ],
  [
   0.04,
   0.06,
   0.05,
   0.86,
   0.07
  ],
  [
   0.06,
   0.04,
   0.05,
   0.07,
   0.86
  ]
 ],
 "chain_pair_pae_min": [
  [
   0.76,
   21.49,
   24.25,
   25.43,
   24.17
  ],
  [
   21.84,
   0.76,
   19.4,
   23.55,
   25.86
  ],
  [
   23.81,
   19.58,
   0.76,
   23.94,
   24.58
  ],
  [
   25.5,
   23.25,
   23.99,
   0.76,
   22.93
  ],
  [
   23.93,
   25.45,
   23.61,
   23.19,
   0.76
  ]
 ],
 "chain_ptm": [
  0.87,
  0.86,
  0.87,
  0.86,
  0.86
 ],
 "fraction_disordered": 0.0,
 "has_clash": 0.0,
 "iptm": 0.11,
 "num_recycles": 10.0,
 "ptm": 0.28,
 "ranking_score": 0.15
}