{
 "chain_iptm": [
  0.07,
  0.07,
  0.07,
  0.06,
  0.06
 ],
 "chain_pair_iptm": [
  [
   0.87,
   0.1,
   0.07,
   0.06,
   0.05
  ],
  [
   0.1,
   0.86,
   0.08,
   0.06,
   0.05
  ],
  [
   0.07,
   0.08,
   0.87,
   0.06,
   0.06
  ],
  [
   0.06,
   0.06,
   0.06,
   0.86,
   0.07
  ],
  [
   0.05,
   0.05,
   0.06,
   0.07,
   0.86
  ]
 ],
 "chain_pair_pae_min": [
  [
   0.76,
   18.06,
   20.49,
   21.64,
   22.23
  ],
  [
   19.07,
   0.76,
   19.48,
   21.81,
   23.44
  ],
  [
   20.06,
   19.02,
   0.76,
   21.53,
   21.91
  ],
  [
   21.3,
   21.83,
   21.86,
   0.76,
   20.91
  ],
  [
   21.17,
   23.42,
   21.88,
   20.9,
   0.76
  ]
 ],
 "chain_ptm": [
  0.87,
  0.86,
  0.87,
  0.86,
  0.86
 ],
 "fraction_disordered": 0.0,
 "has_clash": 0.0,
 "iptm": 0.13,
 "num_recycles": 10.0,
 "ptm": 0.29,
 "ranking_score": 0.16
}