{
 "chain_iptm": [
  0.06,
  0.07,
  0.06,
  0.07,
  0.06
 ],
 "chain_pair_iptm": [
  [
   0.86,
   0.06,
   0.05,
   0.07,
   0.07
  ],
  [
   0.06,
   0.86,
   0.07,
   0.08,
   0.05
  ],
  [
   0.05,
   0.07,
   0.86,
   0.07,
   0.06
  ],
  [
   0.07,
   0.08,
   0.07,
   0.86,
   0.06
  ],
  [
   0.07,
   0.05,
   0.06,
   0.06,
   0.86
  ]
 ],
 "chain_pair_pae_min": [
  [
   0.76,
   21.45,
   22.59,
   21.44,
   20.69
  ],
  [
   21.44,
   0.76,
   20.29,
   20.1,
   23.89
  ],
  [
   22.61,
   19.47,
   0.76,
   21.37,
   22.4
  ],
  [
   22.01,
   20.71,
   22.01,
   0.76,
   22.33
  ],
  [
   20.52,
   23.82,
   21.94,
   22.56,
   0.76
  ]
 ],
 "chain_ptm": [
  0.86,
  0.86,
  0.86,
  0.86,
  0.86
 ],
 "fraction_disordered": 0.0,
 "has_clash": 0.0,
 "iptm": 0.12,
 "num_recycles": 10.0,
 "ptm": 0.29,
 "ranking_score": 0.15
}