{
 "chain_iptm": [
  0.04,
  0.04,
  0.04,
  0.04,
  0.04,
  0.04,
  0.04,
  0.04,
  0.04,
  0.04
 ],
 "chain_pair_iptm": [
  [
   0.77,
   0.05,
   0.05,
   0.05,
   0.04,
   0.04,
   0.04,
   0.03,
   0.04,
   0.04
  ],
  [
   0.05,
   0.77,
   0.05,
   0.04,
   0.04,
   0.04,
   0.03,
   0.03,
   0.03,
   0.04
  ],
  [
   0.05,
   0.05,
   0.77,
   0.05,
   0.04,
   0.04,
   0.04,
   0.03,
   0.03,
   0.03
  ],
  [
   0.05,
   0.04,
   0.05,
   0.78,
   0.04,
   0.04,
   0.04,
   0.03,
   0.03,
   0.03
  ],
  [
   0.04,
   0.04,
   0.04,
   0.04,
   0.78,
   0.05,
   0.04,
   0.04,
   0.03,
   0.04
  ],
  [
   0.04,
   0.04,
   0.04,
   0.04,
   0.05,
   0.77,
   0.04,
   0.04,
   0.03,
   0.03
  ],
  [
   0.04,
   0.03,
   0.04,
   0.04,
   0.04,
   0.04,
   0.77,
   0.04,
   0.04,
   0.03
  ],
  [
   0.03,
   0.03,
   0.03,
   0.03,
   0.04,
   0.04,
   0.04,
   0.77,
   0.04,
   0.04
  ],
  [
   0.04,
   0.03,
   0.03,
   0.03,
   0.03,
   0.03,
   0.04,
   0.04,
   0.77,
   0.04
  ],
  [
   0.04,
   0.04,
   0.03,
   0.03,
   0.04,
   0.03,
   0.03,
   0.04,
   0.04,
   0.77
  ]
 ],
 "chain_pair_pae_min": [
  [
   0.76,
   23.41,
   24.3,
   23.45,
   27.1,
   27.41,
   28.36,
   28.74,
   28.95,
   28.96
  ],
  [
   23.67,
   0.76,
   23.84,
   26.1,
   26.27,
   27.55,
   28.84,
   28.91,
   29.28,
   28.36
  ],
  [
   24.76,
   24.5,
   0.76,
   24.21,
   26.38,
   25.86,
   28.42,
   28.92,
   29.54,
   29.23
  ],
  [
   23.23,
   25.93,
   24.09,
   0.76,
   26.23,
   26.12,
   27.04,
   28.75,
   29.3,
   29.48
  ],
  [
   27.51,
   26.2,
   26.23,
   26.52,
   0.76,
   24.13,
   27.23,
   26.51,
   29.01,
   28.81
  ],
  [
   27.81,
   27.57,
   25.82,
   26.45,
   24.81,
   0.76,
   24.68,
   26.9,
   28.6,
   29.19
  ],
  [
   28.12,
   28.77,
   28.0,
   26.62,
   27.02,
   24.55,
   0.76,
   25.22,
   26.42,
   28.82
  ],
  [
   29.0,
   28.68,
   28.51,
   28.67,
   26.05,
   26.71,
   25.4,
   0.76,
   25.26,
   27.35
  ],
  [
   28.79,
   28.87,
   29.27,
   28.99,
   28.47,
   28.27,
   26.15,
   25.08,
   0.76,
   25.53
  ],
  [
   28.79,
   27.6,
   28.86,
   29.17,
   28.19,
   28.63,
   28.12,
   26.4,
   24.98,
   0.76
  ]
 ],
 "chain_ptm": [
  0.77,
  0.77,
  0.77,
  0.78,
  0.78,
  0.77,
  0.77,
  0.77,
  0.77,
  0.77
 ],
 "fraction_disordered": 0.0,
 "has_clash": 0.0,
 "iptm": 0.13,
 "num_recycles": 10.0,
 "ptm": 0.21,
 "ranking_score": 0.14
}