{
 "chain_iptm": [
  0.04,
  0.04,
  0.04,
  0.04,
  0.04,
  0.04,
  0.04,
  0.04,
  0.04,
  0.04
 ],
 "chain_pair_iptm": [
  [
   0.77,
   0.05,
   0.05,
   0.04,
   0.04,
   0.04,
   0.03,
   0.03,
   0.03,
   0.04
  ],
  [
   0.05,
   0.78,
   0.05,
   0.04,
   0.04,
   0.04,
   0.03,
   0.04,
   0.04,
   0.04
  ],
  [
   0.05,
   0.05,
   0.77,
   0.04,
   0.04,
   0.04,
   0.04,
   0.04,
   0.03,
   0.03
  ],
  [
   0.04,
   0.04,
   0.04,
   0.77,
   0.05,
   0.04,
   0.04,
   0.03,
   0.03,
   0.03
  ],
  [
   0.04,
   0.04,
   0.04,
   0.05,
   0.78,
   0.04,
   0.04,
   0.03,
   0.04,
   0.04
  ],
  [
   0.04,
   0.04,
   0.04,
   0.04,
   0.04,
   0.77,
   0.05,
   0.04,
   0.04,
   0.03
  ],
  [
   0.03,
   0.03,
   0.04,
   0.04,
   0.04,
   0.05,
   0.77,
   0.04,
   0.04,
   0.04
  ],
  [
   0.03,
   0.04,
   0.04,
   0.03,
   0.03,
   0.04,
   0.04,
   0.77,
   0.05,
   0.04
  ],
  [
   0.03,
   0.04,
   0.03,
   0.03,
   0.04,
   0.04,
   0.04,
   0.05,
   0.77,
   0.05
  ],
  [
   0.04,
   0.04,
   0.03,
   0.03,
   0.04,
   0.03,
   0.04,
   0.04,
   0.05,
   0.78
  ]
 ],
 "chain_pair_pae_min": [
  [
   0.76,
   23.46,
   22.87,
   25.35,
   26.25,
   28.1,
   28.37,
   29.08,
   29.22,
   29.18
  ],
  [
   23.4,
   0.76,
   24.1,
   26.41,
   26.94,
   27.65,
   28.56,
   28.57,
   28.66,
   28.5
  ],
  [
   22.57,
   24.38,
   0.76,
   24.37,
   26.98,
   26.69,
   28.17,
   28.72,
   29.38,
   29.44
  ],
  [
   25.6,
   26.39,
   24.56,
   0.76,
   24.76,
   26.45,
   26.66,
   28.75,
   29.2,
   29.5
  ],
  [
   26.05,
   26.6,
   26.7,
   24.65,
   0.76,
   26.36,
   26.37,
   28.84,
   28.87,
   28.3
  ],
  [
   28.11,
   27.9,
   27.06,
   26.12,
   27.02,
   0.76,
   24.48,
   25.68,
   28.11,
   29.37
  ],
  [
   28.29,
   28.65,
   28.28,
   26.43,
   26.42,
   24.87,
   0.76,
   25.8,
   26.0,
   28.58
  ],
  [
   28.59,
   28.36,
   28.33,
   28.49,
   28.77,
   25.18,
   25.41,
   0.76,
   24.59,
   27.72
  ],
  [
   29.11,
   28.35,
   29.08,
   29.14,
   28.64,
   27.6,
   26.01,
   25.0,
   0.76,
   25.61
  ],
  [
   28.9,
   28.04,
   29.21,
   29.4,
   28.1,
   29.07,
   27.83,
   27.57,
   25.26,
   0.76
  ]
 ],
 "chain_ptm": [
  0.77,
  0.78,
  0.77,
  0.77,
  0.78,
  0.77,
  0.77,
  0.77,
  0.77,
  0.78
 ],
 "fraction_disordered": 0.0,
 "has_clash": 0.0,
 "iptm": 0.13,
 "num_recycles": 10.0,
 "ptm": 0.21,
 "ranking_score": 0.14
}