{
 "chain_iptm": [
  0.04,
  0.04,
  0.04,
  0.04,
  0.04,
  0.04,
  0.04,
  0.04,
  0.04,
  0.04
 ],
 "chain_pair_iptm": [
  [
   0.77,
   0.04,
   0.05,
   0.04,
   0.03,
   0.04,
   0.04,
   0.03,
   0.03,
   0.04
  ],
  [
   0.04,
   0.77,
   0.05,
   0.05,
   0.04,
   0.04,
   0.03,
   0.03,
   0.04,
   0.04
  ],
  [
   0.05,
   0.05,
   0.77,
   0.04,
   0.04,
   0.04,
   0.04,
   0.03,
   0.03,
   0.03
  ],
  [
   0.04,
   0.05,
   0.04,
   0.77,
   0.05,
   0.04,
   0.04,
   0.03,
   0.04,
   0.03
  ],
  [
   0.03,
   0.04,
   0.04,
   0.05,
   0.78,
   0.05,
   0.04,
   0.04,
   0.04,
   0.03
  ],
  [
   0.04,
   0.04,
   0.04,
   0.04,
   0.05,
   0.77,
   0.05,
   0.04,
   0.03,
   0.03
  ],
  [
   0.04,
   0.03,
   0.04,
   0.04,
   0.04,
   0.05,
   0.77,
   0.04,
   0.03,
   0.04
  ],
  [
   0.03,
   0.03,
   0.03,
   0.03,
   0.04,
   0.04,
   0.04,
   0.77,
   0.04,
   0.04
  ],
  [
   0.03,
   0.04,
   0.03,
   0.04,
   0.04,
   0.03,
   0.03,
   0.04,
   0.78,
   0.04
  ],
  [
   0.04,
   0.04,
   0.03,
   0.03,
   0.03,
   0.03,
   0.04,
   0.04,
   0.04,
   0.77
  ]
 ],
 "chain_pair_pae_min": [
  [
   0.76,
   24.17,
   23.9,
   26.84,
   27.89,
   28.3,
   28.26,
   29.11,
   29.28,
   28.05
  ],
  [
   24.08,
   0.76,
   23.45,
   25.03,
   27.18,
   27.63,
   28.65,
   29.25,
   28.68,
   29.08
  ],
  [
   23.79,
   23.25,
   0.76,
   25.06,
   27.17,
   26.99,
   27.67,
   29.23,
   29.39,
   29.3
  ],
  [
   26.81,
   25.16,
   25.51,
   0.76,
   24.03,
   25.29,
   28.11,
   28.81,
   28.73,
   29.47
  ],
  [
   27.65,
   27.07,
   27.15,
   24.25,
   0.76,
   23.61,
   26.71,
   27.45,
   28.88,
   29.53
  ],
  [
   28.26,
   27.82,
   27.43,
   25.48,
   23.85,
   0.76,
   24.98,
   27.69,
   28.82,
   29.39
  ],
  [
   28.05,
   28.76,
   27.9,
   27.79,
   26.27,
   24.54,
   0.76,
   25.42,
   28.01,
   28.65
  ],
  [
   28.54,
   28.9,
   29.32,
   28.43,
   27.29,
   27.4,
   25.46,
   0.76,
   24.61,
   27.18
  ],
  [
   28.88,
   28.28,
   29.13,
   28.68,
   28.56,
   28.59,
   27.76,
   24.87,
   0.76,
   26.16
  ],
  [
   27.36,
   28.26,
   28.62,
   29.23,
   29.31,
   29.21,
   27.79,
   26.55,
   25.86,
   0.76
  ]
 ],
 "chain_ptm": [
  0.77,
  0.77,
  0.77,
  0.77,
  0.78,
  0.77,
  0.77,
  0.77,
  0.78,
  0.77
 ],
 "fraction_disordered": 0.0,
 "has_clash": 0.0,
 "iptm": 0.12,
 "num_recycles": 10.0,
 "ptm": 0.21,
 "ranking_score": 0.14
}