{
 "chain_iptm": [
  0.04,
  0.04,
  0.04,
  0.04,
  0.04,
  0.04,
  0.04,
  0.04,
  0.04,
  0.04
 ],
 "chain_pair_iptm": [
  [
   0.76,
   0.05,
   0.04,
   0.04,
   0.04,
   0.03,
   0.03,
   0.03,
   0.04,
   0.03
  ],
  [
   0.05,
   0.77,
   0.03,
   0.05,
   0.04,
   0.04,
   0.03,
   0.03,
   0.04,
   0.03
  ],
  [
   0.04,
   0.03,
   0.77,
   0.03,
   0.04,
   0.03,
   0.04,
   0.04,
   0.03,
   0.03
  ],
  [
   0.04,
   0.05,
   0.03,
   0.77,
   0.05,
   0.04,
   0.04,
   0.03,
   0.03,
   0.03
  ],
  [
   0.04,
   0.04,
   0.04,
   0.05,
   0.77,
   0.04,
   0.05,
   0.04,
   0.03,
   0.03
  ],
  [
   0.03,
   0.04,
   0.03,
   0.04,
   0.04,
   0.77,
   0.05,
   0.04,
   0.03,
   0.04
  ],
  [
   0.03,
   0.03,
   0.04,
   0.04,
   0.05,
   0.05,
   0.77,
   0.04,
   0.03,
   0.03
  ],
  [
   0.03,
   0.03,
   0.04,
   0.03,
   0.04,
   0.04,
   0.04,
   0.77,
   0.04,
   0.04
  ],
  [
   0.04,
   0.04,
   0.03,
   0.03,
   0.03,
   0.03,
   0.03,
   0.04,
   0.77,
   0.05
  ],
  [
   0.03,
   0.03,
   0.03,
   0.03,
   0.03,
   0.04,
   0.03,
   0.04,
   0.05,
   0.77
  ]
 ],
 "chain_pair_pae_min": [
  [
   0.76,
   25.31,
   26.58,
   25.02,
   27.15,
   28.48,
   29.16,
   29.52,
   28.74,
   29.76
  ],
  [
   24.98,
   0.76,
   27.69,
   25.16,
   28.72,
   26.75,
   29.02,
   29.67,
   29.19,
   29.43
  ],
  [
   26.26,
   27.71,
   0.76,
   27.11,
   26.72,
   28.92,
   29.07,
   28.43,
   29.28,
   29.18
  ],
  [
   25.08,
   25.33,
   27.99,
   0.76,
   25.89,
   27.34,
   28.01,
   29.41,
   29.62,
   29.66
  ],
  [
   27.41,
   28.81,
   27.34,
   26.29,
   0.76,
   27.68,
   25.59,
   27.44,
   29.75,
   29.85
  ],
  [
   28.55,
   26.65,
   29.18,
   27.23,
   27.72,
   0.76,
   25.87,
   27.1,
   29.27,
   28.58
  ],
  [
   29.31,
   29.32,
   29.3,
   27.81,
   26.22,
   26.36,
   0.76,
   25.25,
   29.68,
   29.25
  ],
  [
   29.65,
   29.64,
   28.25,
   29.28,
   27.17,
   27.39,
   25.87,
   0.76,
   27.16,
   27.9
  ],
  [
   28.41,
   28.75,
   29.21,
   29.25,
   29.42,
   28.58,
   29.33,
   27.01,
   0.76,
   25.87
  ],
  [
   29.47,
   29.39,
   28.86,
   29.62,
   29.63,
   28.0,
   28.96,
   26.75,
   25.7,
   0.76
  ]
 ],
 "chain_ptm": [
  0.76,
  0.77,
  0.77,
  0.77,
  0.77,
  0.77,
  0.77,
  0.77,
  0.77,
  0.77
 ],
 "fraction_disordered": 0.0,
 "has_clash": 0.0,
 "iptm": 0.12,
 "num_recycles": 10.0,
 "ptm": 0.2,
 "ranking_score": 0.14
}