{
 "chain_iptm": [
  0.04,
  0.04,
  0.04,
  0.04,
  0.04,
  0.04,
  0.04,
  0.04,
  0.04,
  0.04
 ],
 "chain_pair_iptm": [
  [
   0.78,
   0.05,
   0.05,
   0.04,
   0.03,
   0.03,
   0.04,
   0.04,
   0.03,
   0.03
  ],
  [
   0.05,
   0.78,
   0.04,
   0.04,
   0.04,
   0.03,
   0.04,
   0.03,
   0.03,
   0.03
  ],
  [
   0.05,
   0.04,
   0.78,
   0.05,
   0.03,
   0.03,
   0.03,
   0.03,
   0.03,
   0.04
  ],
  [
   0.04,
   0.04,
   0.05,
   0.78,
   0.04,
   0.04,
   0.03,
   0.03,
   0.03,
   0.04
  ],
  [
   0.03,
   0.04,
   0.03,
   0.04,
   0.78,
   0.05,
   0.04,
   0.03,
   0.04,
   0.03
  ],
  [
   0.03,
   0.03,
   0.03,
   0.04,
   0.05,
   0.78,
   0.04,
   0.03,
   0.04,
   0.04
  ],
  [
   0.04,
   0.04,
   0.03,
   0.03,
   0.04,
   0.04,
   0.78,
   0.04,
   0.04,
   0.03
  ],
  [
   0.04,
   0.03,
   0.03,
   0.03,
   0.03,
   0.03,
   0.04,
   0.78,
   0.05,
   0.04
  ],
  [
   0.03,
   0.03,
   0.03,
   0.03,
   0.04,
   0.04,
   0.04,
   0.05,
   0.77,
   0.04
  ],
  [
   0.03,
   0.03,
   0.04,
   0.04,
   0.03,
   0.04,
   0.03,
   0.04,
   0.04,
   0.78
  ]
 ],
 "chain_pair_pae_min": [
  [
   0.76,
   23.7,
   23.6,
   27.77,
   29.11,
   29.91,
   28.93,
   28.69,
   29.72,
   29.69
  ],
  [
   23.45,
   0.76,
   25.6,
   27.94,
   28.18,
   29.36,
   28.84,
   29.51,
   29.92,
   30.25
  ],
  [
   23.98,
   25.34,
   0.76,
   25.55,
   28.82,
   29.56,
   29.62,
   29.44,
   29.94,
   28.54
  ],
  [
   27.85,
   27.74,
   26.0,
   0.76,
   26.75,
   27.04,
   29.71,
   29.72,
   29.93,
   28.91
  ],
  [
   28.87,
   28.25,
   28.74,
   26.45,
   0.76,
   25.07,
   28.2,
   29.78,
   28.62,
   29.67
  ],
  [
   29.98,
   29.45,
   29.78,
   26.7,
   24.82,
   0.76,
   27.7,
   28.86,
   28.61,
   29.13
  ],
  [
   29.18,
   29.12,
   29.9,
   29.59,
   27.95,
   27.97,
   0.76,
   25.92,
   26.26,
   29.88
  ],
  [
   28.82,
   29.41,
   29.54,
   29.74,
   29.54,
   28.92,
   25.45,
   0.76,
   24.09,
   26.88
  ],
  [
   29.88,
   30.01,
   29.95,
   29.64,
   28.43,
   28.6,
   26.18,
   24.35,
   0.76,
   28.19
  ],
  [
   29.74,
   29.96,
   28.5,
   28.59,
   29.43,
   28.92,
   29.73,
   26.44,
   27.91,
   0.76
  ]
 ],
 "chain_ptm": [
  0.78,
  0.78,
  0.78,
  0.78,
  0.78,
  0.78,
  0.78,
  0.78,
  0.77,
  0.78
 ],
 "fraction_disordered": 0.0,
 "has_clash": 0.0,
 "iptm": 0.12,
 "num_recycles": 10.0,
 "ptm": 0.2,
 "ranking_score": 0.14
}