{
 "chain_iptm": [
  0.21,
  0.22,
  0.21,
  0.21,
  0.21,
  0.2
 ],
 "chain_pair_iptm": [
  [
   0.81,
   0.59,
   0.1,
   0.13,
   0.11,
   0.15
  ],
  [
   0.59,
   0.81,
   0.12,
   0.16,
   0.1,
   0.12
  ],
  [
   0.1,
   0.12,
   0.81,
   0.55,
   0.15,
   0.12
  ],
  [
   0.13,
   0.16,
   0.55,
   0.81,
   0.12,
   0.09
  ],
  [
   0.11,
   0.1,
   0.15,
   0.12,
   0.81,
   0.54
  ],
  [
   0.15,
   0.12,
   0.12,
   0.09,
   0.54,
   0.81
  ]
 ],
 "chain_pair_pae_min": [
  [
   0.76,
   4.64,
   22.52,
   19.17,
   21.32,
   18.81
  ],
  [
   4.69,
   0.76,
   21.58,
   18.3,
   22.24,
   20.2
  ],
  [
   22.74,
   18.68,
   0.76,
   5.76,
   18.63,
   21.49
  ],
  [
   21.71,
   18.31,
   5.82,
   0.76,
   19.17,
   23.09
  ],
  [
   19.99,
   21.99,
   18.91,
   21.72,
   0.76,
   6.0
  ],
  [
   19.34,
   21.45,
   20.26,
   22.83,
   5.79,
   0.76
  ]
 ],
 "chain_ptm": [
  0.81,
  0.81,
  0.81,
  0.81,
  0.81,
  0.81
 ],
 "fraction_disordered": 0.0,
 "has_clash": 0.0,
 "iptm": 0.3,
 "num_recycles": 10.0,
 "ptm": 0.4,
 "ranking_score": 0.32
}