{
 "chain_iptm": [
  0.52,
  0.52,
  0.48,
  0.47,
  0.47,
  0.47
 ],
 "chain_pair_iptm": [
  [
   0.82,
   0.77,
   0.45,
   0.43,
   0.47,
   0.48
  ],
  [
   0.77,
   0.82,
   0.49,
   0.47,
   0.43,
   0.45
  ],
  [
   0.45,
   0.49,
   0.82,
   0.47,
   0.58,
   0.41
  ],
  [
   0.43,
   0.47,
   0.47,
   0.82,
   0.41,
   0.57
  ],
  [
   0.47,
   0.43,
   0.58,
   0.41,
   0.82,
   0.46
  ],
  [
   0.48,
   0.45,
   0.41,
   0.57,
   0.46,
   0.82
  ]
 ],
 "chain_pair_pae_min": [
  [
   0.76,
   1.81,
   8.27,
   9.05,
   7.75,
   7.83
  ],
  [
   1.89,
   0.76,
   7.41,
   7.82,
   9.02,
   8.71
  ],
  [
   8.6,
   7.43,
   0.76,
   7.36,
   6.95,
   9.78
  ],
  [
   9.7,
   7.4,
   7.54,
   0.76,
   9.31,
   6.09
  ],
  [
   7.37,
   9.28,
   6.81,
   9.17,
   0.76,
   7.71
  ],
  [
   7.91,
   8.82,
   9.64,
   6.55,
   7.45,
   0.76
  ]
 ],
 "chain_ptm": [
  0.82,
  0.82,
  0.82,
  0.82,
  0.82,
  0.82
 ],
 "fraction_disordered": 0.0,
 "has_clash": 0.0,
 "iptm": 0.62,
 "num_recycles": 10.0,
 "ptm": 0.67,
 "ranking_score": 0.63
}