{
 "chain_iptm": [
  0.53,
  0.52,
  0.53,
  0.52,
  0.52,
  0.52
 ],
 "chain_pair_iptm": [
  [
   0.83,
   0.78,
   0.49,
   0.45,
   0.47,
   0.44
  ],
  [
   0.78,
   0.83,
   0.45,
   0.47,
   0.45,
   0.46
  ],
  [
   0.49,
   0.45,
   0.83,
   0.77,
   0.47,
   0.45
  ],
  [
   0.45,
   0.47,
   0.77,
   0.83,
   0.45,
   0.47
  ],
  [
   0.47,
   0.45,
   0.47,
   0.45,
   0.83,
   0.77
  ],
  [
   0.44,
   0.46,
   0.45,
   0.47,
   0.77,
   0.83
  ]
 ],
 "chain_pair_pae_min": [
  [
   0.76,
   1.69,
   7.2,
   8.29,
   7.23,
   8.77
  ],
  [
   1.74,
   0.76,
   8.1,
   7.14,
   8.66,
   7.91
  ],
  [
   6.78,
   8.35,
   0.76,
   2.01,
   7.76,
   8.65
  ],
  [
   8.11,
   7.59,
   2.03,
   0.76,
   8.28,
   7.38
  ],
  [
   7.56,
   8.59,
   7.35,
   8.6,
   0.76,
   2.06
  ],
  [
   8.64,
   7.51,
   8.44,
   7.76,
   1.93,
   0.76
  ]
 ],
 "chain_ptm": [
  0.83,
  0.83,
  0.83,
  0.83,
  0.83,
  0.83
 ],
 "fraction_disordered": 0.0,
 "has_clash": 0.0,
 "iptm": 0.64,
 "num_recycles": 10.0,
 "ptm": 0.69,
 "ranking_score": 0.65
}