{
 "chain_iptm": [
  0.23,
  0.24,
  0.23,
  0.23,
  0.23,
  0.22
 ],
 "chain_pair_iptm": [
  [
   0.81,
   0.61,
   0.11,
   0.15,
   0.13,
   0.16
  ],
  [
   0.61,
   0.81,
   0.15,
   0.19,
   0.11,
   0.13
  ],
  [
   0.11,
   0.15,
   0.81,
   0.57,
   0.19,
   0.15
  ],
  [
   0.15,
   0.19,
   0.57,
   0.81,
   0.15,
   0.11
  ],
  [
   0.13,
   0.11,
   0.19,
   0.15,
   0.81,
   0.56
  ],
  [
   0.16,
   0.13,
   0.15,
   0.11,
   0.56,
   0.81
  ]
 ],
 "chain_pair_pae_min": [
  [
   0.76,
   4.23,
   20.68,
   17.33,
   20.04,
   17.64
  ],
  [
   4.24,
   0.76,
   19.68,
   16.31,
   20.71,
   18.67
  ],
  [
   20.82,
   16.63,
   0.76,
   5.18,
   16.45,
   19.94
  ],
  [
   20.09,
   16.35,
   5.18,
   0.76,
   17.24,
   21.44
  ],
  [
   18.44,
   20.38,
   16.32,
   19.88,
   0.76,
   5.54
  ],
  [
   17.49,
   20.11,
   18.47,
   21.18,
   5.35,
   0.76
  ]
 ],
 "chain_ptm": [
  0.81,
  0.81,
  0.81,
  0.81,
  0.81,
  0.81
 ],
 "fraction_disordered": 0.0,
 "has_clash": 0.0,
 "iptm": 0.32,
 "num_recycles": 10.0,
 "ptm": 0.42,
 "ranking_score": 0.34
}