{
 "chain_iptm": [
  0.18,
  0.18,
  0.18,
  0.18,
  0.17,
  0.17
 ],
 "chain_pair_iptm": [
  [
   0.81,
   0.55,
   0.11,
   0.08,
   0.09,
   0.08
  ],
  [
   0.55,
   0.81,
   0.12,
   0.09,
   0.09,
   0.07
  ],
  [
   0.11,
   0.12,
   0.81,
   0.51,
   0.08,
   0.08
  ],
  [
   0.08,
   0.09,
   0.51,
   0.81,
   0.1,
   0.1
  ],
  [
   0.09,
   0.09,
   0.08,
   0.1,
   0.81,
   0.5
  ],
  [
   0.08,
   0.07,
   0.08,
   0.1,
   0.5,
   0.81
  ]
 ],
 "chain_pair_pae_min": [
  [
   0.76,
   5.81,
   19.02,
   23.43,
   22.7,
   22.63
  ],
  [
   5.86,
   0.76,
   19.58,
   22.15,
   22.71,
   23.87
  ],
  [
   19.62,
   20.11,
   0.76,
   7.01,
   22.51,
   22.78
  ],
  [
   22.38,
   20.35,
   6.77,
   0.76,
   21.33,
   21.93
  ],
  [
   22.69,
   23.42,
   23.88,
   20.75,
   0.76,
   7.55
  ],
  [
   22.18,
   24.16,
   23.73,
   21.36,
   7.19,
   0.76
  ]
 ],
 "chain_ptm": [
  0.81,
  0.81,
  0.81,
  0.81,
  0.81,
  0.81
 ],
 "fraction_disordered": 0.0,
 "has_clash": 0.0,
 "iptm": 0.26,
 "num_recycles": 10.0,
 "ptm": 0.37,
 "ranking_score": 0.28
}