{
 "chain_iptm": [
  0.06,
  0.06,
  0.06,
  0.06,
  0.05,
  0.05
 ],
 "chain_pair_iptm": [
  [
   0.77,
   0.08,
   0.06,
   0.05,
   0.06,
   0.05
  ],
  [
   0.08,
   0.76,
   0.06,
   0.06,
   0.06,
   0.05
  ],
  [
   0.06,
   0.06,
   0.76,
   0.07,
   0.05,
   0.06
  ],
  [
   0.05,
   0.06,
   0.07,
   0.76,
   0.06,
   0.06
  ],
  [
   0.06,
   0.06,
   0.05,
   0.06,
   0.77,
   0.05
  ],
  [
   0.05,
   0.05,
   0.06,
   0.06,
   0.05,
   0.77
  ]
 ],
 "chain_pair_pae_min": [
  [
   0.76,
   20.6,
   20.59,
   22.98,
   23.55,
   23.96
  ],
  [
   20.35,
   0.76,
   21.02,
   21.72,
   23.44,
   24.16
  ],
  [
   20.83,
   20.72,
   0.76,
   21.66,
   23.45,
   23.65
  ],
  [
   22.98,
   21.59,
   21.78,
   0.76,
   21.79,
   23.47
  ],
  [
   23.29,
   23.29,
   23.23,
   21.43,
   0.76,
   22.06
  ],
  [
   23.11,
   23.64,
   23.51,
   22.85,
   22.09,
   0.76
  ]
 ],
 "chain_ptm": [
  0.77,
  0.76,
  0.76,
  0.76,
  0.77,
  0.77
 ],
 "fraction_disordered": 0.0,
 "has_clash": 0.0,
 "iptm": 0.12,
 "num_recycles": 10.0,
 "ptm": 0.25,
 "ranking_score": 0.15
}