{
 "chain_iptm": [
  0.05,
  0.05,
  0.05,
  0.05,
  0.05,
  0.04
 ],
 "chain_pair_iptm": [
  [
   0.78,
   0.05,
   0.05,
   0.04,
   0.04,
   0.05
  ],
  [
   0.05,
   0.77,
   0.05,
   0.05,
   0.04,
   0.04
  ],
  [
   0.05,
   0.05,
   0.77,
   0.04,
   0.05,
   0.04
  ],
  [
   0.04,
   0.05,
   0.04,
   0.77,
   0.05,
   0.05
  ],
  [
   0.04,
   0.04,
   0.05,
   0.05,
   0.77,
   0.05
  ],
  [
   0.05,
   0.04,
   0.04,
   0.05,
   0.05,
   0.78
  ]
 ],
 "chain_pair_pae_min": [
  [
   0.76,
   22.66,
   23.38,
   25.9,
   25.69,
   25.21
  ],
  [
   22.31,
   0.76,
   22.67,
   23.95,
   26.88,
   26.98
  ],
  [
   23.32,
   23.04,
   0.76,
   25.37,
   24.01,
   26.93
  ],
  [
   26.23,
   23.07,
   25.37,
   0.76,
   24.4,
   25.01
  ],
  [
   25.89,
   26.81,
   23.54,
   24.02,
   0.76,
   24.87
  ],
  [
   24.6,
   26.65,
   26.46,
   24.54,
   24.42,
   0.76
  ]
 ],
 "chain_ptm": [
  0.78,
  0.77,
  0.77,
  0.77,
  0.77,
  0.78
 ],
 "fraction_disordered": 0.0,
 "has_clash": 0.0,
 "iptm": 0.1,
 "num_recycles": 10.0,
 "ptm": 0.24,
 "ranking_score": 0.13
}