{
 "chain_iptm": [
  0.05,
  0.05,
  0.05,
  0.05,
  0.05,
  0.05
 ],
 "chain_pair_iptm": [
  [
   0.77,
   0.07,
   0.05,
   0.04,
   0.04,
   0.04
  ],
  [
   0.07,
   0.78,
   0.05,
   0.04,
   0.05,
   0.04
  ],
  [
   0.05,
   0.05,
   0.77,
   0.04,
   0.04,
   0.06
  ],
  [
   0.04,
   0.04,
   0.04,
   0.77,
   0.07,
   0.05
  ],
  [
   0.04,
   0.05,
   0.04,
   0.07,
   0.77,
   0.04
  ],
  [
   0.04,
   0.04,
   0.06,
   0.05,
   0.04,
   0.77
  ]
 ],
 "chain_pair_pae_min": [
  [
   0.76,
   20.3,
   24.5,
   27.29,
   27.02,
   27.3
  ],
  [
   20.49,
   0.76,
   24.56,
   26.48,
   26.45,
   27.95
  ],
  [
   24.69,
   25.17,
   0.76,
   25.83,
   27.62,
   23.36
  ],
  [
   27.23,
   26.35,
   25.84,
   0.76,
   21.6,
   25.97
  ],
  [
   26.53,
   26.27,
   27.67,
   21.56,
   0.76,
   25.88
  ],
  [
   27.0,
   27.69,
   23.01,
   25.81,
   26.21,
   0.76
  ]
 ],
 "chain_ptm": [
  0.77,
  0.78,
  0.77,
  0.77,
  0.77,
  0.77
 ],
 "fraction_disordered": 0.0,
 "has_clash": 0.0,
 "iptm": 0.11,
 "num_recycles": 10.0,
 "ptm": 0.24,
 "ranking_score": 0.13
}