{
 "chain_iptm": [
  0.05,
  0.05,
  0.05,
  0.05,
  0.05,
  0.05
 ],
 "chain_pair_iptm": [
  [
   0.77,
   0.05,
   0.06,
   0.05,
   0.05,
   0.04
  ],
  [
   0.05,
   0.76,
   0.05,
   0.05,
   0.05,
   0.05
  ],
  [
   0.06,
   0.05,
   0.76,
   0.06,
   0.04,
   0.05
  ],
  [
   0.05,
   0.05,
   0.06,
   0.76,
   0.05,
   0.04
  ],
  [
   0.05,
   0.05,
   0.04,
   0.05,
   0.76,
   0.06
  ],
  [
   0.04,
   0.05,
   0.05,
   0.04,
   0.06,
   0.77
  ]
 ],
 "chain_pair_pae_min": [
  [
   0.76,
   23.57,
   22.44,
   23.64,
   23.9,
   26.06
  ],
  [
   23.53,
   0.76,
   22.7,
   21.9,
   24.89,
   25.53
  ],
  [
   22.47,
   22.81,
   0.76,
   23.3,
   25.54,
   23.5
  ],
  [
   24.05,
   21.98,
   23.13,
   0.76,
   23.83,
   25.93
  ],
  [
   23.38,
   24.72,
   25.04,
   23.51,
   0.76,
   23.54
  ],
  [
   25.63,
   24.86,
   22.41,
   25.21,
   23.52,
   0.76
  ]
 ],
 "chain_ptm": [
  0.77,
  0.76,
  0.76,
  0.76,
  0.76,
  0.77
 ],
 "fraction_disordered": 0.0,
 "has_clash": 0.0,
 "iptm": 0.11,
 "num_recycles": 10.0,
 "ptm": 0.24,
 "ranking_score": 0.14
}