{
 "chain_iptm": [
  0.06,
  0.06,
  0.06,
  0.06,
  0.06,
  0.06
 ],
 "chain_pair_iptm": [
  [
   0.76,
   0.05,
   0.05,
   0.04,
   0.06,
   0.08
  ],
  [
   0.05,
   0.76,
   0.05,
   0.06,
   0.09,
   0.04
  ],
  [
   0.05,
   0.05,
   0.76,
   0.09,
   0.04,
   0.06
  ],
  [
   0.04,
   0.06,
   0.09,
   0.75,
   0.05,
   0.05
  ],
  [
   0.06,
   0.09,
   0.04,
   0.05,
   0.76,
   0.05
  ],
  [
   0.08,
   0.04,
   0.06,
   0.05,
   0.05,
   0.76
  ]
 ],
 "chain_pair_pae_min": [
  [
   0.76,
   22.92,
   23.91,
   25.0,
   23.4,
   23.41
  ],
  [
   23.58,
   0.76,
   22.96,
   22.44,
   22.91,
   25.92
  ],
  [
   23.54,
   23.82,
   0.76,
   21.32,
   25.53,
   23.92
  ],
  [
   24.93,
   22.54,
   21.28,
   0.76,
   23.63,
   25.09
  ],
  [
   23.25,
   22.67,
   25.2,
   24.13,
   0.76,
   24.35
  ],
  [
   23.39,
   25.39,
   23.43,
   24.48,
   24.55,
   0.76
  ]
 ],
 "chain_ptm": [
  0.76,
  0.76,
  0.76,
  0.75,
  0.76,
  0.76
 ],
 "fraction_disordered": 0.0,
 "has_clash": 0.0,
 "iptm": 0.12,
 "num_recycles": 10.0,
 "ptm": 0.25,
 "ranking_score": 0.15
}