{
 "chain_iptm": [
  0.05,
  0.05,
  0.05,
  0.05,
  0.05,
  0.05,
  0.05,
  0.05
 ],
 "chain_pair_iptm": [
  [
   0.85,
   0.07,
   0.06,
   0.06,
   0.04,
   0.04,
   0.05,
   0.05
  ],
  [
   0.07,
   0.85,
   0.07,
   0.06,
   0.04,
   0.05,
   0.04,
   0.04
  ],
  [
   0.06,
   0.07,
   0.85,
   0.04,
   0.06,
   0.05,
   0.04,
   0.05
  ],
  [
   0.06,
   0.06,
   0.04,
   0.85,
   0.04,
   0.05,
   0.05,
   0.04
  ],
  [
   0.04,
   0.04,
   0.06,
   0.04,
   0.85,
   0.06,
   0.05,
   0.05
  ],
  [
   0.04,
   0.05,
   0.05,
   0.05,
   0.06,
   0.85,
   0.05,
   0.04
  ],
  [
   0.05,
   0.04,
   0.04,
   0.05,
   0.05,
   0.05,
   0.85,
   0.05
  ],
  [
   0.05,
   0.04,
   0.05,
   0.04,
   0.05,
   0.04,
   0.05,
   0.85
  ]
 ],
 "chain_pair_pae_min": [
  [
   0.76,
   19.54,
   21.84,
   22.19,
   25.29,
   25.75,
   24.69,
   25.41
  ],
  [
   19.81,
   0.76,
   20.65,
   20.93,
   24.94,
   23.37,
   25.77,
   26.81
  ],
  [
   21.21,
   20.28,
   0.76,
   25.42,
   22.36,
   23.72,
   26.24,
   25.84
  ],
  [
   22.9,
   21.31,
   25.22,
   0.76,
   24.55,
   23.19,
   23.31,
   26.21
  ],
  [
   25.06,
   24.82,
   23.04,
   24.79,
   0.76,
   21.74,
   23.91,
   24.96
  ],
  [
   25.67,
   23.52,
   24.05,
   23.73,
   22.05,
   0.76,
   22.96,
   27.29
  ],
  [
   24.92,
   26.02,
   26.41,
   22.96,
   24.56,
   22.89,
   0.76,
   21.67
  ],
  [
   24.42,
   26.31,
   25.61,
   26.05,
   24.83,
   26.55,
   22.29,
   0.76
  ]
 ],
 "chain_ptm": [
  0.85,
  0.85,
  0.85,
  0.85,
  0.85,
  0.85,
  0.85,
  0.85
 ],
 "fraction_disordered": 0.0,
 "has_clash": 0.0,
 "iptm": 0.14,
 "num_recycles": 10.0,
 "ptm": 0.24,
 "ranking_score": 0.16
}