{
 "chain_iptm": [
  0.05,
  0.05,
  0.05,
  0.05,
  0.05,
  0.05,
  0.05,
  0.05
 ],
 "chain_pair_iptm": [
  [
   0.85,
   0.06,
   0.06,
   0.04,
   0.04,
   0.05,
   0.06,
   0.05
  ],
  [
   0.06,
   0.85,
   0.07,
   0.05,
   0.06,
   0.04,
   0.05,
   0.04
  ],
  [
   0.06,
   0.07,
   0.85,
   0.05,
   0.05,
   0.04,
   0.04,
   0.05
  ],
  [
   0.04,
   0.05,
   0.05,
   0.85,
   0.05,
   0.06,
   0.04,
   0.06
  ],
  [
   0.04,
   0.06,
   0.05,
   0.05,
   0.85,
   0.06,
   0.05,
   0.04
  ],
  [
   0.05,
   0.04,
   0.04,
   0.06,
   0.06,
   0.85,
   0.06,
   0.05
  ],
  [
   0.06,
   0.05,
   0.04,
   0.04,
   0.05,
   0.06,
   0.85,
   0.04
  ],
  [
   0.05,
   0.04,
   0.05,
   0.06,
   0.04,
   0.05,
   0.04,
   0.85
  ]
 ],
 "chain_pair_pae_min": [
  [
   0.76,
   22.22,
   22.18,
   25.12,
   25.28,
   24.45,
   24.11,
   24.56
  ],
  [
   22.34,
   0.76,
   20.07,
   23.79,
   22.62,
   26.21,
   24.77,
   26.44
  ],
  [
   21.93,
   20.44,
   0.76,
   22.24,
   24.3,
   26.61,
   25.11,
   24.84
  ],
  [
   24.68,
   24.41,
   22.89,
   0.76,
   22.42,
   22.94,
   25.95,
   24.28
  ],
  [
   25.52,
   22.77,
   25.13,
   22.58,
   0.76,
   22.36,
   23.37,
   26.82
  ],
  [
   24.35,
   25.99,
   26.51,
   23.29,
   22.94,
   0.76,
   22.31,
   24.6
  ],
  [
   23.87,
   24.72,
   25.3,
   26.07,
   23.82,
   22.24,
   0.76,
   25.78
  ],
  [
   24.23,
   26.27,
   24.18,
   24.03,
   26.7,
   24.53,
   26.23,
   0.76
  ]
 ],
 "chain_ptm": [
  0.85,
  0.85,
  0.85,
  0.85,
  0.85,
  0.85,
  0.85,
  0.85
 ],
 "fraction_disordered": 0.0,
 "has_clash": 0.0,
 "iptm": 0.13,
 "num_recycles": 10.0,
 "ptm": 0.24,
 "ranking_score": 0.15
}