{
 "chain_iptm": [
  0.05,
  0.05,
  0.05,
  0.05,
  0.05,
  0.05,
  0.05,
  0.05
 ],
 "chain_pair_iptm": [
  [
   0.85,
   0.06,
   0.08,
   0.05,
   0.05,
   0.05,
   0.04,
   0.04
  ],
  [
   0.06,
   0.85,
   0.06,
   0.06,
   0.04,
   0.04,
   0.05,
   0.04
  ],
  [
   0.08,
   0.06,
   0.85,
   0.04,
   0.04,
   0.05,
   0.05,
   0.04
  ],
  [
   0.05,
   0.06,
   0.04,
   0.85,
   0.07,
   0.05,
   0.04,
   0.05
  ],
  [
   0.05,
   0.04,
   0.04,
   0.07,
   0.85,
   0.06,
   0.04,
   0.04
  ],
  [
   0.05,
   0.04,
   0.05,
   0.05,
   0.06,
   0.85,
   0.05,
   0.05
  ],
  [
   0.04,
   0.05,
   0.05,
   0.04,
   0.04,
   0.05,
   0.85,
   0.06
  ],
  [
   0.04,
   0.04,
   0.04,
   0.05,
   0.04,
   0.05,
   0.06,
   0.85
  ]
 ],
 "chain_pair_pae_min": [
  [
   0.76,
   20.7,
   20.54,
   24.29,
   23.53,
   25.08,
   25.54,
   27.16
  ],
  [
   20.15,
   0.76,
   22.67,
   23.02,
   24.93,
   26.26,
   25.64,
   26.12
  ],
  [
   19.94,
   22.03,
   0.76,
   25.85,
   24.35,
   24.25,
   24.56,
   26.67
  ],
  [
   23.56,
   23.07,
   26.27,
   0.76,
   20.78,
   24.11,
   26.17,
   24.85
  ],
  [
   23.41,
   25.22,
   25.28,
   21.2,
   0.76,
   22.54,
   26.63,
   24.94
  ],
  [
   25.16,
   26.5,
   24.63,
   24.57,
   22.08,
   0.76,
   23.75,
   24.05
  ],
  [
   25.69,
   25.09,
   24.43,
   25.87,
   26.46,
   23.5,
   0.76,
   21.37
  ],
  [
   26.5,
   26.17,
   26.16,
   24.76,
   25.13,
   23.74,
   21.65,
   0.76
  ]
 ],
 "chain_ptm": [
  0.85,
  0.85,
  0.85,
  0.85,
  0.85,
  0.85,
  0.85,
  0.85
 ],
 "fraction_disordered": 0.0,
 "has_clash": 0.0,
 "iptm": 0.13,
 "num_recycles": 10.0,
 "ptm": 0.24,
 "ranking_score": 0.15
}