{
 "chain_iptm": [
  0.06,
  0.06,
  0.06,
  0.06,
  0.05,
  0.05,
  0.05,
  0.05
 ],
 "chain_pair_iptm": [
  [
   0.85,
   0.08,
   0.05,
   0.06,
   0.06,
   0.04,
   0.04,
   0.05
  ],
  [
   0.08,
   0.85,
   0.06,
   0.07,
   0.06,
   0.04,
   0.05,
   0.04
  ],
  [
   0.05,
   0.06,
   0.85,
   0.07,
   0.04,
   0.06,
   0.05,
   0.04
  ],
  [
   0.06,
   0.07,
   0.07,
   0.85,
   0.04,
   0.05,
   0.04,
   0.05
  ],
  [
   0.06,
   0.06,
   0.04,
   0.04,
   0.85,
   0.05,
   0.05,
   0.06
  ],
  [
   0.04,
   0.04,
   0.06,
   0.05,
   0.05,
   0.85,
   0.07,
   0.05
  ],
  [
   0.04,
   0.05,
   0.05,
   0.04,
   0.05,
   0.07,
   0.85,
   0.05
  ],
  [
   0.05,
   0.04,
   0.04,
   0.05,
   0.06,
   0.05,
   0.05,
   0.85
  ]
 ],
 "chain_pair_pae_min": [
  [
   0.76,
   19.11,
   22.77,
   21.72,
   22.0,
   25.7,
   25.89,
   25.56
  ],
  [
   19.19,
   0.76,
   21.25,
   19.65,
   23.54,
   25.3,
   25.31,
   26.24
  ],
  [
   22.82,
   20.87,
   0.76,
   20.09,
   25.14,
   22.7,
   24.94,
   26.03
  ],
  [
   22.09,
   20.16,
   20.52,
   0.76,
   24.1,
   24.14,
   25.52,
   25.29
  ],
  [
   22.22,
   23.59,
   25.25,
   24.47,
   0.76,
   24.35,
   23.74,
   23.15
  ],
  [
   25.73,
   25.15,
   22.97,
   24.02,
   24.28,
   0.76,
   20.98,
   23.41
  ],
  [
   25.49,
   25.07,
   25.02,
   25.54,
   23.38,
   21.18,
   0.76,
   21.86
  ],
  [
   25.49,
   25.93,
   25.64,
   25.09,
   23.04,
   23.15,
   21.68,
   0.76
  ]
 ],
 "chain_ptm": [
  0.85,
  0.85,
  0.85,
  0.85,
  0.85,
  0.85,
  0.85,
  0.85
 ],
 "fraction_disordered": 0.0,
 "has_clash": 0.0,
 "iptm": 0.14,
 "num_recycles": 10.0,
 "ptm": 0.24,
 "ranking_score": 0.16
}