{
 "chain_iptm": [
  0.05,
  0.05,
  0.05,
  0.05,
  0.05,
  0.05,
  0.05,
  0.05
 ],
 "chain_pair_iptm": [
  [
   0.85,
   0.06,
   0.07,
   0.05,
   0.05,
   0.04,
   0.04,
   0.04
  ],
  [
   0.06,
   0.85,
   0.06,
   0.04,
   0.04,
   0.05,
   0.04,
   0.05
  ],
  [
   0.07,
   0.06,
   0.85,
   0.06,
   0.05,
   0.04,
   0.04,
   0.05
  ],
  [
   0.05,
   0.04,
   0.06,
   0.85,
   0.06,
   0.04,
   0.05,
   0.04
  ],
  [
   0.05,
   0.04,
   0.05,
   0.06,
   0.85,
   0.05,
   0.06,
   0.04
  ],
  [
   0.04,
   0.05,
   0.04,
   0.04,
   0.05,
   0.85,
   0.06,
   0.05
  ],
  [
   0.04,
   0.04,
   0.04,
   0.05,
   0.06,
   0.06,
   0.85,
   0.06
  ],
  [
   0.04,
   0.05,
   0.05,
   0.04,
   0.04,
   0.05,
   0.06,
   0.85
  ]
 ],
 "chain_pair_pae_min": [
  [
   0.76,
   21.41,
   20.25,
   22.89,
   23.18,
   25.73,
   26.39,
   26.93
  ],
  [
   19.21,
   0.76,
   22.5,
   26.14,
   25.68,
   24.34,
   26.08,
   25.54
  ],
  [
   20.12,
   21.23,
   0.76,
   22.56,
   23.51,
   26.43,
   26.01,
   26.11
  ],
  [
   23.09,
   25.78,
   21.25,
   0.76,
   20.83,
   24.66,
   23.76,
   26.06
  ],
  [
   23.64,
   26.46,
   23.69,
   20.75,
   0.76,
   22.57,
   23.85,
   26.44
  ],
  [
   25.54,
   24.53,
   26.26,
   24.85,
   23.41,
   0.76,
   22.54,
   23.74
  ],
  [
   26.33,
   26.26,
   26.0,
   23.58,
   23.9,
   22.21,
   0.76,
   21.13
  ],
  [
   25.95,
   25.16,
   25.6,
   25.89,
   26.59,
   24.18,
   21.0,
   0.76
  ]
 ],
 "chain_ptm": [
  0.85,
  0.85,
  0.85,
  0.85,
  0.85,
  0.85,
  0.85,
  0.85
 ],
 "fraction_disordered": 0.0,
 "has_clash": 0.0,
 "iptm": 0.13,
 "num_recycles": 10.0,
 "ptm": 0.23,
 "ranking_score": 0.15
}