{
 "chain_iptm": [
  0.08,
  0.08,
  0.08,
  0.08
 ],
 "chain_pair_iptm": [
  [
   0.78,
   0.1,
   0.06,
   0.08
  ],
  [
   0.1,
   0.77,
   0.08,
   0.06
  ],
  [
   0.06,
   0.08,
   0.77,
   0.09
  ],
  [
   0.08,
   0.06,
   0.09,
   0.78
  ]
 ],
 "chain_pair_pae_min": [
  [
   0.76,
   20.04,
   22.71,
   22.02
  ],
  [
   20.12,
   0.76,
   21.47,
   23.39
  ],
  [
   22.87,
   21.39,
   0.76,
   21.42
  ],
  [
   21.85,
   23.29,
   21.29,
   0.76
  ]
 ],
 "chain_ptm": [
  0.78,
  0.77,
  0.77,
  0.78
 ],
 "fraction_disordered": 0.0,
 "has_clash": 0.0,
 "iptm": 0.12,
 "num_recycles": 10.0,
 "ptm": 0.32,
 "ranking_score": 0.16
}