{
 "chain_iptm": [
  0.08,
  0.08,
  0.08,
  0.08
 ],
 "chain_pair_iptm": [
  [
   0.76,
   0.05,
   0.12,
   0.07
  ],
  [
   0.05,
   0.76,
   0.07,
   0.11
  ],
  [
   0.12,
   0.07,
   0.76,
   0.05
  ],
  [
   0.07,
   0.11,
   0.05,
   0.76
  ]
 ],
 "chain_pair_pae_min": [
  [
   0.76,
   22.58,
   20.45,
   23.64
  ],
  [
   22.78,
   0.76,
   22.46,
   21.33
  ],
  [
   20.42,
   22.75,
   0.76,
   23.57
  ],
  [
   23.59,
   21.0,
   23.62,
   0.76
  ]
 ],
 "chain_ptm": [
  0.76,
  0.76,
  0.76,
  0.76
 ],
 "fraction_disordered": 0.0,
 "has_clash": 0.0,
 "iptm": 0.12,
 "num_recycles": 10.0,
 "ptm": 0.31,
 "ranking_score": 0.16
}