{
 "chain_iptm": [
  0.05,
  0.05,
  0.04,
  0.04
 ],
 "chain_pair_iptm": [
  [
   0.77,
   0.05,
   0.04,
   0.04
  ],
  [
   0.05,
   0.77,
   0.04,
   0.04
  ],
  [
   0.04,
   0.04,
   0.77,
   0.05
  ],
  [
   0.04,
   0.04,
   0.05,
   0.77
  ]
 ],
 "chain_pair_pae_min": [
  [
   0.76,
   24.81,
   26.4,
   28.32
  ],
  [
   24.9,
   0.76,
   27.71,
   26.81
  ],
  [
   26.53,
   27.7,
   0.76,
   25.75
  ],
  [
   28.2,
   26.85,
   25.72,
   0.76
  ]
 ],
 "chain_ptm": [
  0.77,
  0.77,
  0.77,
  0.77
 ],
 "fraction_disordered": 0.0,
 "has_clash": 0.0,
 "iptm": 0.08,
 "num_recycles": 10.0,
 "ptm": 0.28,
 "ranking_score": 0.12
}