{
 "chain_iptm": [
  0.07,
  0.07,
  0.07,
  0.07
 ],
 "chain_pair_iptm": [
  [
   0.78,
   0.08,
   0.08,
   0.05
  ],
  [
   0.08,
   0.78,
   0.05,
   0.08
  ],
  [
   0.08,
   0.05,
   0.78,
   0.07
  ],
  [
   0.05,
   0.08,
   0.07,
   0.79
  ]
 ],
 "chain_pair_pae_min": [
  [
   0.76,
   21.47,
   22.75,
   24.58
  ],
  [
   21.85,
   0.76,
   24.24,
   23.52
  ],
  [
   22.85,
   24.26,
   0.76,
   22.88
  ],
  [
   24.39,
   23.42,
   22.72,
   0.76
  ]
 ],
 "chain_ptm": [
  0.78,
  0.78,
  0.78,
  0.79
 ],
 "fraction_disordered": 0.0,
 "has_clash": 0.0,
 "iptm": 0.1,
 "num_recycles": 10.0,
 "ptm": 0.3,
 "ranking_score": 0.14
}