{
 "chain_iptm": [
  0.07,
  0.07,
  0.07,
  0.07
 ],
 "chain_pair_iptm": [
  [
   0.78,
   0.08,
   0.07,
   0.07
  ],
  [
   0.08,
   0.77,
   0.07,
   0.07
  ],
  [
   0.07,
   0.07,
   0.77,
   0.08
  ],
  [
   0.07,
   0.07,
   0.08,
   0.78
  ]
 ],
 "chain_pair_pae_min": [
  [
   0.76,
   20.05,
   22.3,
   22.58
  ],
  [
   19.95,
   0.76,
   22.31,
   22.37
  ],
  [
   22.05,
   22.01,
   0.76,
   20.97
  ],
  [
   22.34,
   22.39,
   20.86,
   0.76
  ]
 ],
 "chain_ptm": [
  0.78,
  0.77,
  0.77,
  0.78
 ],
 "fraction_disordered": 0.0,
 "has_clash": 0.0,
 "iptm": 0.11,
 "num_recycles": 10.0,
 "ptm": 0.31,
 "ranking_score": 0.15
}