{
 "chain_iptm": [
  0.04,
  0.04,
  0.05,
  0.05,
  0.05,
  0.04,
  0.04,
  0.04
 ],
 "chain_pair_iptm": [
  [
   0.77,
   0.05,
   0.06,
   0.04,
   0.04,
   0.04,
   0.05,
   0.04
  ],
  [
   0.05,
   0.77,
   0.06,
   0.04,
   0.05,
   0.04,
   0.04,
   0.03
  ],
  [
   0.06,
   0.06,
   0.77,
   0.05,
   0.04,
   0.04,
   0.04,
   0.03
  ],
  [
   0.04,
   0.04,
   0.05,
   0.77,
   0.07,
   0.04,
   0.04,
   0.04
  ],
  [
   0.04,
   0.05,
   0.04,
   0.07,
   0.77,
   0.04,
   0.03,
   0.04
  ],
  [
   0.04,
   0.04,
   0.04,
   0.04,
   0.04,
   0.77,
   0.04,
   0.06
  ],
  [
   0.05,
   0.04,
   0.04,
   0.04,
   0.03,
   0.04,
   0.77,
   0.04
  ],
  [
   0.04,
   0.03,
   0.03,
   0.04,
   0.04,
   0.06,
   0.04,
   0.77
  ]
 ],
 "chain_pair_pae_min": [
  [
   0.76,
   24.1,
   21.94,
   27.75,
   28.32,
   27.62,
   25.2,
   28.11
  ],
  [
   24.08,
   0.76,
   20.68,
   26.12,
   24.71,
   27.63,
   28.45,
   28.93
  ],
  [
   22.04,
   20.95,
   0.76,
   24.95,
   25.3,
   28.37,
   27.95,
   29.31
  ],
  [
   27.76,
   25.95,
   24.85,
   0.76,
   22.24,
   26.87,
   27.08,
   27.53
  ],
  [
   28.15,
   24.7,
   25.6,
   22.0,
   0.76,
   26.34,
   28.91,
   26.85
  ],
  [
   27.25,
   27.29,
   28.23,
   26.45,
   26.11,
   0.76,
   26.06,
   24.37
  ],
  [
   25.02,
   28.07,
   27.52,
   26.64,
   28.78,
   26.47,
   0.76,
   25.81
  ],
  [
   27.72,
   28.71,
   28.96,
   26.8,
   26.11,
   23.85,
   24.71,
   0.76
  ]
 ],
 "chain_ptm": [
  0.77,
  0.77,
  0.77,
  0.77,
  0.77,
  0.77,
  0.77,
  0.77
 ],
 "fraction_disordered": 0.0,
 "has_clash": 0.0,
 "iptm": 0.12,
 "num_recycles": 10.0,
 "ptm": 0.22,
 "ranking_score": 0.14
}