{
 "chain_iptm": [
  0.04,
  0.04,
  0.04,
  0.04,
  0.04,
  0.04,
  0.04,
  0.04
 ],
 "chain_pair_iptm": [
  [
   0.77,
   0.06,
   0.05,
   0.04,
   0.04,
   0.04,
   0.04,
   0.04
  ],
  [
   0.06,
   0.78,
   0.04,
   0.05,
   0.04,
   0.04,
   0.04,
   0.04
  ],
  [
   0.05,
   0.04,
   0.77,
   0.05,
   0.04,
   0.04,
   0.04,
   0.04
  ],
  [
   0.04,
   0.05,
   0.05,
   0.77,
   0.05,
   0.04,
   0.04,
   0.04
  ],
  [
   0.04,
   0.04,
   0.04,
   0.05,
   0.77,
   0.04,
   0.04,
   0.04
  ],
  [
   0.04,
   0.04,
   0.04,
   0.04,
   0.04,
   0.78,
   0.05,
   0.04
  ],
  [
   0.04,
   0.04,
   0.04,
   0.04,
   0.04,
   0.05,
   0.77,
   0.04
  ],
  [
   0.04,
   0.04,
   0.04,
   0.04,
   0.04,
   0.04,
   0.04,
   0.78
  ]
 ],
 "chain_pair_pae_min": [
  [
   0.76,
   21.4,
   24.29,
   24.31,
   26.71,
   27.27,
   27.98,
   27.84
  ],
  [
   21.14,
   0.76,
   24.06,
   24.5,
   26.01,
   27.17,
   27.67,
   27.95
  ],
  [
   23.88,
   23.91,
   0.76,
   22.63,
   25.38,
   26.92,
   27.65,
   28.12
  ],
  [
   25.28,
   24.88,
   22.46,
   0.76,
   22.95,
   26.39,
   26.93,
   28.2
  ],
  [
   26.92,
   26.42,
   25.18,
   22.83,
   0.76,
   24.61,
   26.1,
   28.03
  ],
  [
   27.18,
   26.94,
   26.73,
   26.2,
   24.23,
   0.76,
   22.39,
   25.69
  ],
  [
   27.85,
   27.44,
   27.16,
   26.64,
   25.35,
   22.82,
   0.76,
   25.62
  ],
  [
   27.59,
   27.74,
   27.71,
   27.68,
   27.46,
   25.15,
   25.22,
   0.76
  ]
 ],
 "chain_ptm": [
  0.77,
  0.78,
  0.77,
  0.77,
  0.77,
  0.78,
  0.77,
  0.78
 ],
 "fraction_disordered": 0.0,
 "has_clash": 0.0,
 "iptm": 0.12,
 "num_recycles": 10.0,
 "ptm": 0.22,
 "ranking_score": 0.14
}