{
 "chain_iptm": [
  0.05,
  0.05,
  0.05,
  0.05,
  0.05,
  0.05,
  0.05,
  0.05
 ],
 "chain_pair_iptm": [
  [
   0.77,
   0.06,
   0.07,
   0.06,
   0.05,
   0.04,
   0.04,
   0.04
  ],
  [
   0.06,
   0.77,
   0.05,
   0.04,
   0.06,
   0.04,
   0.05,
   0.04
  ],
  [
   0.07,
   0.05,
   0.77,
   0.06,
   0.04,
   0.05,
   0.05,
   0.04
  ],
  [
   0.06,
   0.04,
   0.06,
   0.77,
   0.06,
   0.05,
   0.04,
   0.04
  ],
  [
   0.05,
   0.06,
   0.04,
   0.06,
   0.77,
   0.04,
   0.04,
   0.05
  ],
  [
   0.04,
   0.04,
   0.05,
   0.05,
   0.04,
   0.77,
   0.05,
   0.06
  ],
  [
   0.04,
   0.05,
   0.05,
   0.04,
   0.04,
   0.05,
   0.77,
   0.06
  ],
  [
   0.04,
   0.04,
   0.04,
   0.04,
   0.05,
   0.06,
   0.06,
   0.77
  ]
 ],
 "chain_pair_pae_min": [
  [
   0.76,
   22.07,
   21.63,
   23.19,
   24.13,
   26.42,
   26.21,
   28.06
  ],
  [
   22.09,
   0.76,
   24.66,
   24.98,
   22.89,
   26.33,
   25.59,
   26.42
  ],
  [
   21.48,
   24.56,
   0.76,
   22.7,
   24.81,
   23.89,
   26.48,
   27.49
  ],
  [
   23.41,
   25.27,
   22.88,
   0.76,
   21.8,
   24.54,
   27.6,
   26.31
  ],
  [
   23.68,
   23.1,
   25.16,
   21.64,
   0.76,
   25.55,
   26.87,
   26.23
  ],
  [
   25.74,
   26.66,
   23.47,
   24.29,
   24.91,
   0.76,
   23.71,
   24.49
  ],
  [
   25.06,
   25.05,
   25.78,
   26.9,
   26.22,
   23.23,
   0.76,
   23.63
  ],
  [
   27.18,
   26.01,
   26.73,
   25.14,
   25.03,
   23.59,
   22.86,
   0.76
  ]
 ],
 "chain_ptm": [
  0.77,
  0.77,
  0.77,
  0.77,
  0.77,
  0.77,
  0.77,
  0.77
 ],
 "fraction_disordered": 0.0,
 "has_clash": 0.0,
 "iptm": 0.13,
 "num_recycles": 10.0,
 "ptm": 0.23,
 "ranking_score": 0.15
}