{
 "chain_iptm": [
  0.04,
  0.04,
  0.04,
  0.04,
  0.04,
  0.04,
  0.04,
  0.04
 ],
 "chain_pair_iptm": [
  [
   0.77,
   0.05,
   0.04,
   0.05,
   0.04,
   0.04,
   0.04,
   0.04
  ],
  [
   0.05,
   0.77,
   0.05,
   0.05,
   0.04,
   0.04,
   0.04,
   0.04
  ],
  [
   0.04,
   0.05,
   0.77,
   0.05,
   0.04,
   0.04,
   0.04,
   0.04
  ],
  [
   0.05,
   0.05,
   0.05,
   0.77,
   0.05,
   0.04,
   0.04,
   0.04
  ],
  [
   0.04,
   0.04,
   0.04,
   0.05,
   0.77,
   0.04,
   0.05,
   0.04
  ],
  [
   0.04,
   0.04,
   0.04,
   0.04,
   0.04,
   0.77,
   0.04,
   0.04
  ],
  [
   0.04,
   0.04,
   0.04,
   0.04,
   0.05,
   0.04,
   0.77,
   0.04
  ],
  [
   0.04,
   0.04,
   0.04,
   0.04,
   0.04,
   0.04,
   0.04,
   0.77
  ]
 ],
 "chain_pair_pae_min": [
  [
   0.76,
   24.31,
   24.3,
   24.04,
   24.47,
   27.17,
   28.05,
   27.16
  ],
  [
   24.13,
   0.76,
   23.49,
   23.54,
   25.88,
   26.12,
   27.78,
   27.33
  ],
  [
   24.43,
   22.95,
   0.76,
   22.91,
   24.77,
   26.39,
   27.23,
   28.21
  ],
  [
   24.29,
   24.38,
   23.2,
   0.76,
   23.98,
   26.34,
   26.87,
   27.51
  ],
  [
   24.46,
   25.84,
   24.29,
   23.91,
   0.76,
   25.64,
   25.31,
   27.44
  ],
  [
   27.0,
   25.86,
   26.39,
   26.1,
   25.33,
   0.76,
   24.03,
   26.4
  ],
  [
   27.3,
   27.58,
   26.96,
   27.22,
   25.47,
   24.44,
   0.76,
   24.83
  ],
  [
   26.82,
   26.86,
   27.53,
   26.95,
   26.42,
   25.46,
   24.43,
   0.76
  ]
 ],
 "chain_ptm": [
  0.77,
  0.77,
  0.77,
  0.77,
  0.77,
  0.77,
  0.77,
  0.77
 ],
 "fraction_disordered": 0.0,
 "has_clash": 0.0,
 "iptm": 0.12,
 "num_recycles": 10.0,
 "ptm": 0.22,
 "ranking_score": 0.14
}