{
 "chain_iptm": [
  0.04,
  0.05,
  0.04,
  0.04,
  0.04,
  0.04,
  0.04,
  0.04
 ],
 "chain_pair_iptm": [
  [
   0.77,
   0.06,
   0.05,
   0.06,
   0.03,
   0.03,
   0.03,
   0.04
  ],
  [
   0.06,
   0.76,
   0.07,
   0.05,
   0.04,
   0.04,
   0.03,
   0.03
  ],
  [
   0.05,
   0.07,
   0.77,
   0.04,
   0.05,
   0.04,
   0.03,
   0.03
  ],
  [
   0.06,
   0.05,
   0.04,
   0.77,
   0.03,
   0.03,
   0.04,
   0.05
  ],
  [
   0.03,
   0.04,
   0.05,
   0.03,
   0.77,
   0.06,
   0.04,
   0.04
  ],
  [
   0.03,
   0.04,
   0.04,
   0.03,
   0.06,
   0.76,
   0.05,
   0.04
  ],
  [
   0.03,
   0.03,
   0.03,
   0.04,
   0.04,
   0.05,
   0.76,
   0.06
  ],
  [
   0.04,
   0.03,
   0.03,
   0.05,
   0.04,
   0.04,
   0.06,
   0.77
  ]
 ],
 "chain_pair_pae_min": [
  [
   0.76,
   21.17,
   24.87,
   24.29,
   29.34,
   29.44,
   29.0,
   28.41
  ],
  [
   21.46,
   0.76,
   23.07,
   25.78,
   27.15,
   28.67,
   29.67,
   29.68
  ],
  [
   26.2,
   23.13,
   0.76,
   27.15,
   23.9,
   27.64,
   29.53,
   29.76
  ],
  [
   24.36,
   26.41,
   27.13,
   0.76,
   29.74,
   29.62,
   27.77,
   26.07
  ],
  [
   29.24,
   26.78,
   23.48,
   29.72,
   0.76,
   24.06,
   27.27,
   28.51
  ],
  [
   29.09,
   28.73,
   27.68,
   29.62,
   23.62,
   0.76,
   21.99,
   26.95
  ],
  [
   29.01,
   29.46,
   29.34,
   27.96,
   26.64,
   21.93,
   0.76,
   24.27
  ],
  [
   27.9,
   29.3,
   29.53,
   25.28,
   28.22,
   27.35,
   23.94,
   0.76
  ]
 ],
 "chain_ptm": [
  0.77,
  0.76,
  0.77,
  0.77,
  0.77,
  0.76,
  0.76,
  0.77
 ],
 "fraction_disordered": 0.0,
 "has_clash": 0.0,
 "iptm": 0.12,
 "num_recycles": 10.0,
 "ptm": 0.22,
 "ranking_score": 0.14
}