{
 "chain_iptm": [
  0.05,
  0.05,
  0.05,
  0.05,
  0.05,
  0.05,
  0.04,
  0.04,
  0.04,
  0.04
 ],
 "chain_pair_iptm": [
  [
   0.84,
   0.05,
   0.05,
   0.05,
   0.04,
   0.04,
   0.06,
   0.04,
   0.04,
   0.04
  ],
  [
   0.05,
   0.84,
   0.06,
   0.06,
   0.06,
   0.05,
   0.04,
   0.04,
   0.04,
   0.04
  ],
  [
   0.05,
   0.06,
   0.84,
   0.04,
   0.04,
   0.06,
   0.04,
   0.04,
   0.04,
   0.04
  ],
  [
   0.05,
   0.06,
   0.04,
   0.84,
   0.06,
   0.04,
   0.05,
   0.04,
   0.04,
   0.04
  ],
  [
   0.04,
   0.06,
   0.04,
   0.06,
   0.84,
   0.06,
   0.05,
   0.04,
   0.04,
   0.04
  ],
  [
   0.04,
   0.05,
   0.06,
   0.04,
   0.06,
   0.84,
   0.04,
   0.04,
   0.05,
   0.04
  ],
  [
   0.06,
   0.04,
   0.04,
   0.05,
   0.05,
   0.04,
   0.84,
   0.05,
   0.04,
   0.04
  ],
  [
   0.04,
   0.04,
   0.04,
   0.04,
   0.04,
   0.04,
   0.05,
   0.84,
   0.05,
   0.04
  ],
  [
   0.04,
   0.04,
   0.04,
   0.04,
   0.04,
   0.05,
   0.04,
   0.05,
   0.84,
   0.04
  ],
  [
   0.04,
   0.04,
   0.04,
   0.04,
   0.04,
   0.04,
   0.04,
   0.04,
   0.04,
   0.84
  ]
 ],
 "chain_pair_pae_min": [
  [
   0.76,
   21.99,
   24.57,
   23.13,
   26.18,
   26.91,
   24.52,
   27.4,
   28.49,
   26.96
  ],
  [
   22.97,
   0.76,
   22.82,
   22.51,
   21.63,
   23.24,
   27.02,
   28.25,
   27.99,
   28.46
  ],
  [
   24.02,
   22.03,
   0.76,
   26.47,
   25.15,
   22.58,
   27.82,
   28.0,
   26.81,
   27.65
  ],
  [
   22.51,
   22.57,
   26.24,
   0.76,
   22.23,
   26.04,
   24.63,
   27.39,
   28.55,
   28.62
  ],
  [
   26.46,
   22.0,
   26.26,
   22.76,
   0.76,
   22.93,
   26.34,
   26.89,
   27.09,
   29.06
  ],
  [
   27.54,
   23.49,
   23.16,
   26.62,
   22.09,
   0.76,
   28.43,
   26.85,
   24.18,
   28.12
  ],
  [
   24.42,
   27.07,
   28.04,
   25.05,
   25.78,
   28.24,
   0.76,
   22.43,
   27.61,
   26.57
  ],
  [
   27.31,
   27.81,
   28.0,
   27.18,
   26.73,
   27.03,
   23.31,
   0.76,
   23.48,
   25.36
  ],
  [
   28.01,
   27.61,
   27.05,
   28.09,
   26.89,
   23.66,
   28.1,
   23.75,
   0.76,
   24.33
  ],
  [
   26.43,
   27.88,
   27.35,
   27.93,
   28.23,
   27.79,
   25.83,
   24.43,
   25.62,
   0.76
  ]
 ],
 "chain_ptm": [
  0.84,
  0.84,
  0.84,
  0.84,
  0.84,
  0.84,
  0.84,
  0.84,
  0.84,
  0.84
 ],
 "fraction_disordered": 0.0,
 "has_clash": 0.0,
 "iptm": 0.14,
 "num_recycles": 10.0,
 "ptm": 0.22,
 "ranking_score": 0.16
}