{
 "chain_iptm": [
  0.05,
  0.05,
  0.04,
  0.04,
  0.05,
  0.05,
  0.04,
  0.05,
  0.04,
  0.04
 ],
 "chain_pair_iptm": [
  [
   0.84,
   0.07,
   0.04,
   0.05,
   0.05,
   0.04,
   0.04,
   0.04,
   0.04,
   0.04
  ],
  [
   0.07,
   0.84,
   0.06,
   0.04,
   0.05,
   0.05,
   0.04,
   0.04,
   0.04,
   0.04
  ],
  [
   0.04,
   0.06,
   0.84,
   0.04,
   0.04,
   0.05,
   0.04,
   0.04,
   0.04,
   0.04
  ],
  [
   0.05,
   0.04,
   0.04,
   0.84,
   0.05,
   0.04,
   0.05,
   0.04,
   0.04,
   0.04
  ],
  [
   0.05,
   0.05,
   0.04,
   0.05,
   0.84,
   0.06,
   0.05,
   0.04,
   0.04,
   0.04
  ],
  [
   0.04,
   0.05,
   0.05,
   0.04,
   0.06,
   0.84,
   0.04,
   0.05,
   0.04,
   0.04
  ],
  [
   0.04,
   0.04,
   0.04,
   0.05,
   0.05,
   0.04,
   0.84,
   0.06,
   0.04,
   0.04
  ],
  [
   0.04,
   0.04,
   0.04,
   0.04,
   0.04,
   0.05,
   0.06,
   0.84,
   0.06,
   0.05
  ],
  [
   0.04,
   0.04,
   0.04,
   0.04,
   0.04,
   0.04,
   0.04,
   0.06,
   0.84,
   0.05
  ],
  [
   0.04,
   0.04,
   0.04,
   0.04,
   0.04,
   0.04,
   0.04,
   0.05,
   0.05,
   0.84
  ]
 ],
 "chain_pair_pae_min": [
  [
   0.76,
   18.98,
   25.95,
   23.77,
   24.37,
   24.83,
   27.35,
   28.0,
   28.28,
   27.86
  ],
  [
   19.16,
   0.76,
   22.59,
   25.52,
   24.88,
   24.82,
   27.46,
   27.77,
   27.92,
   26.17
  ],
  [
   25.33,
   21.86,
   0.76,
   27.92,
   25.81,
   23.78,
   27.61,
   26.9,
   26.51,
   27.02
  ],
  [
   23.01,
   25.65,
   28.49,
   0.76,
   23.7,
   26.51,
   24.53,
   26.4,
   27.76,
   27.58
  ],
  [
   24.36,
   25.04,
   26.09,
   23.82,
   0.76,
   20.32,
   25.13,
   26.7,
   27.66,
   28.77
  ],
  [
   25.09,
   25.31,
   24.76,
   27.26,
   20.16,
   0.76,
   25.97,
   25.51,
   26.68,
   28.65
  ],
  [
   26.93,
   27.42,
   27.8,
   24.85,
   24.5,
   25.76,
   0.76,
   22.25,
   25.42,
   26.65
  ],
  [
   27.71,
   27.58,
   27.42,
   26.59,
   26.13,
   25.41,
   21.73,
   0.76,
   22.15,
   25.78
  ],
  [
   27.69,
   27.3,
   26.35,
   27.76,
   27.12,
   26.41,
   25.39,
   21.88,
   0.76,
   23.74
  ],
  [
   27.05,
   25.74,
   27.09,
   27.1,
   27.95,
   28.01,
   25.72,
   24.76,
   23.34,
   0.76
  ]
 ],
 "chain_ptm": [
  0.84,
  0.84,
  0.84,
  0.84,
  0.84,
  0.84,
  0.84,
  0.84,
  0.84,
  0.84
 ],
 "fraction_disordered": 0.0,
 "has_clash": 0.0,
 "iptm": 0.14,
 "num_recycles": 10.0,
 "ptm": 0.22,
 "ranking_score": 0.16
}