{
 "chain_iptm": [
  0.05,
  0.05,
  0.05,
  0.04,
  0.05,
  0.05,
  0.05,
  0.04,
  0.04,
  0.04
 ],
 "chain_pair_iptm": [
  [
   0.84,
   0.05,
   0.06,
   0.06,
   0.04,
   0.04,
   0.04,
   0.04,
   0.04,
   0.04
  ],
  [
   0.05,
   0.84,
   0.06,
   0.04,
   0.05,
   0.04,
   0.04,
   0.05,
   0.04,
   0.04
  ],
  [
   0.06,
   0.06,
   0.84,
   0.05,
   0.05,
   0.05,
   0.04,
   0.04,
   0.04,
   0.04
  ],
  [
   0.06,
   0.04,
   0.05,
   0.84,
   0.04,
   0.06,
   0.04,
   0.04,
   0.04,
   0.04
  ],
  [
   0.04,
   0.05,
   0.05,
   0.04,
   0.84,
   0.05,
   0.06,
   0.06,
   0.04,
   0.04
  ],
  [
   0.04,
   0.04,
   0.05,
   0.06,
   0.05,
   0.84,
   0.05,
   0.04,
   0.04,
   0.06
  ],
  [
   0.04,
   0.04,
   0.04,
   0.04,
   0.06,
   0.05,
   0.84,
   0.05,
   0.06,
   0.05
  ],
  [
   0.04,
   0.05,
   0.04,
   0.04,
   0.06,
   0.04,
   0.05,
   0.84,
   0.05,
   0.04
  ],
  [
   0.04,
   0.04,
   0.04,
   0.04,
   0.04,
   0.04,
   0.06,
   0.05,
   0.84,
   0.05
  ],
  [
   0.04,
   0.04,
   0.04,
   0.04,
   0.04,
   0.06,
   0.05,
   0.04,
   0.05,
   0.84
  ]
 ],
 "chain_pair_pae_min": [
  [
   0.76,
   23.39,
   22.58,
   22.43,
   27.35,
   26.5,
   27.34,
   27.6,
   27.48,
   27.11
  ],
  [
   22.91,
   0.76,
   21.44,
   26.28,
   25.27,
   26.67,
   27.2,
   25.63,
   27.57,
   28.52
  ],
  [
   22.73,
   20.99,
   0.76,
   23.82,
   23.84,
   24.75,
   27.41,
   27.32,
   28.46,
   28.66
  ],
  [
   21.92,
   26.23,
   23.22,
   0.76,
   26.03,
   23.64,
   27.0,
   28.46,
   28.32,
   27.71
  ],
  [
   27.75,
   25.06,
   23.68,
   26.08,
   0.76,
   22.5,
   24.22,
   25.37,
   27.31,
   28.16
  ],
  [
   27.21,
   27.0,
   24.76,
   24.38,
   22.2,
   0.76,
   24.03,
   27.67,
   27.87,
   26.35
  ],
  [
   27.74,
   27.28,
   27.11,
   27.65,
   23.89,
   24.54,
   0.76,
   23.93,
   22.63,
   25.09
  ],
  [
   27.64,
   25.29,
   26.9,
   28.43,
   25.23,
   27.84,
   22.99,
   0.76,
   23.14,
   26.96
  ],
  [
   27.3,
   27.25,
   27.76,
   28.06,
   27.34,
   27.76,
   22.16,
   23.16,
   0.76,
   22.93
  ],
  [
   26.56,
   28.14,
   28.01,
   26.97,
   27.33,
   25.69,
   24.32,
   27.51,
   23.49,
   0.76
  ]
 ],
 "chain_ptm": [
  0.84,
  0.84,
  0.84,
  0.84,
  0.84,
  0.84,
  0.84,
  0.84,
  0.84,
  0.84
 ],
 "fraction_disordered": 0.0,
 "has_clash": 0.0,
 "iptm": 0.14,
 "num_recycles": 10.0,
 "ptm": 0.22,
 "ranking_score": 0.16
}