{
 "chain_iptm": [
  0.04,
  0.04,
  0.04,
  0.05,
  0.04,
  0.04,
  0.04,
  0.04,
  0.04,
  0.04
 ],
 "chain_pair_iptm": [
  [
   0.84,
   0.05,
   0.06,
   0.06,
   0.04,
   0.04,
   0.04,
   0.04,
   0.04,
   0.04
  ],
  [
   0.05,
   0.84,
   0.04,
   0.04,
   0.04,
   0.04,
   0.04,
   0.04,
   0.04,
   0.05
  ],
  [
   0.06,
   0.04,
   0.84,
   0.06,
   0.05,
   0.04,
   0.04,
   0.04,
   0.04,
   0.04
  ],
  [
   0.06,
   0.04,
   0.06,
   0.84,
   0.06,
   0.04,
   0.04,
   0.04,
   0.04,
   0.04
  ],
  [
   0.04,
   0.04,
   0.05,
   0.06,
   0.84,
   0.05,
   0.05,
   0.04,
   0.04,
   0.04
  ],
  [
   0.04,
   0.04,
   0.04,
   0.04,
   0.05,
   0.84,
   0.04,
   0.04,
   0.04,
   0.04
  ],
  [
   0.04,
   0.04,
   0.04,
   0.04,
   0.05,
   0.04,
   0.84,
   0.06,
   0.05,
   0.04
  ],
  [
   0.04,
   0.04,
   0.04,
   0.04,
   0.04,
   0.04,
   0.06,
   0.84,
   0.05,
   0.04
  ],
  [
   0.04,
   0.04,
   0.04,
   0.04,
   0.04,
   0.04,
   0.05,
   0.05,
   0.84,
   0.04
  ],
  [
   0.04,
   0.05,
   0.04,
   0.04,
   0.04,
   0.04,
   0.04,
   0.04,
   0.04,
   0.84
  ]
 ],
 "chain_pair_pae_min": [
  [
   0.76,
   23.95,
   21.87,
   23.0,
   25.76,
   26.53,
   27.59,
   28.21,
   28.69,
   27.83
  ],
  [
   23.41,
   0.76,
   25.09,
   25.73,
   25.89,
   25.85,
   27.91,
   28.16,
   27.73,
   26.15
  ],
  [
   22.33,
   25.07,
   0.76,
   21.47,
   24.43,
   27.0,
   27.04,
   27.68,
   28.79,
   28.56
  ],
  [
   22.38,
   25.71,
   22.32,
   0.76,
   22.45,
   25.4,
   26.62,
   28.04,
   28.57,
   28.84
  ],
  [
   25.73,
   26.03,
   24.92,
   23.09,
   0.76,
   23.3,
   24.94,
   27.08,
   27.36,
   28.72
  ],
  [
   26.59,
   26.14,
   27.14,
   25.3,
   23.5,
   0.76,
   25.41,
   26.8,
   26.42,
   27.63
  ],
  [
   27.84,
   28.07,
   26.93,
   26.47,
   25.28,
   25.75,
   0.76,
   21.19,
   24.0,
   27.3
  ],
  [
   28.04,
   28.39,
   27.52,
   27.59,
   27.03,
   26.87,
   21.68,
   0.76,
   22.66,
   25.47
  ],
  [
   28.2,
   27.83,
   28.36,
   28.16,
   27.14,
   26.27,
   24.12,
   23.0,
   0.76,
   25.26
  ],
  [
   26.72,
   25.59,
   27.7,
   28.24,
   28.21,
   27.32,
   27.12,
   25.68,
   25.81,
   0.76
  ]
 ],
 "chain_ptm": [
  0.84,
  0.84,
  0.84,
  0.84,
  0.84,
  0.84,
  0.84,
  0.84,
  0.84,
  0.84
 ],
 "fraction_disordered": 0.0,
 "has_clash": 0.0,
 "iptm": 0.14,
 "num_recycles": 10.0,
 "ptm": 0.22,
 "ranking_score": 0.15
}