{
 "chain_iptm": [
  0.05,
  0.04,
  0.05,
  0.05,
  0.04,
  0.05,
  0.04,
  0.04,
  0.04,
  0.04
 ],
 "chain_pair_iptm": [
  [
   0.84,
   0.06,
   0.06,
   0.06,
   0.05,
   0.04,
   0.04,
   0.04,
   0.04,
   0.04
  ],
  [
   0.06,
   0.85,
   0.04,
   0.05,
   0.04,
   0.04,
   0.04,
   0.04,
   0.04,
   0.04
  ],
  [
   0.06,
   0.04,
   0.84,
   0.06,
   0.05,
   0.06,
   0.04,
   0.04,
   0.04,
   0.04
  ],
  [
   0.06,
   0.05,
   0.06,
   0.84,
   0.04,
   0.05,
   0.04,
   0.04,
   0.04,
   0.04
  ],
  [
   0.05,
   0.04,
   0.05,
   0.04,
   0.84,
   0.05,
   0.03,
   0.04,
   0.04,
   0.04
  ],
  [
   0.04,
   0.04,
   0.06,
   0.05,
   0.05,
   0.84,
   0.05,
   0.04,
   0.04,
   0.04
  ],
  [
   0.04,
   0.04,
   0.04,
   0.04,
   0.03,
   0.05,
   0.84,
   0.05,
   0.05,
   0.04
  ],
  [
   0.04,
   0.04,
   0.04,
   0.04,
   0.04,
   0.04,
   0.05,
   0.84,
   0.06,
   0.05
  ],
  [
   0.04,
   0.04,
   0.04,
   0.04,
   0.04,
   0.04,
   0.05,
   0.06,
   0.84,
   0.06
  ],
  [
   0.04,
   0.04,
   0.04,
   0.04,
   0.04,
   0.04,
   0.04,
   0.05,
   0.06,
   0.84
  ]
 ],
 "chain_pair_pae_min": [
  [
   0.76,
   22.29,
   23.01,
   21.13,
   24.22,
   26.42,
   27.9,
   28.13,
   28.52,
   28.17
  ],
  [
   21.21,
   0.76,
   26.43,
   23.45,
   26.7,
   27.75,
   27.01,
   26.72,
   28.24,
   27.78
  ],
  [
   22.02,
   26.54,
   0.76,
   21.76,
   23.88,
   22.58,
   26.84,
   28.51,
   27.97,
   28.72
  ],
  [
   20.97,
   23.68,
   22.41,
   0.76,
   27.17,
   25.26,
   26.23,
   28.05,
   28.55,
   28.9
  ],
  [
   23.39,
   27.01,
   24.01,
   27.02,
   0.76,
   23.01,
   28.1,
   28.32,
   27.44,
   27.08
  ],
  [
   26.5,
   27.95,
   23.29,
   25.46,
   24.57,
   0.76,
   23.91,
   26.58,
   26.35,
   28.56
  ],
  [
   27.62,
   27.4,
   27.1,
   26.57,
   28.48,
   23.9,
   0.76,
   22.96,
   23.38,
   28.39
  ],
  [
   27.59,
   26.24,
   27.88,
   27.74,
   28.26,
   26.03,
   22.68,
   0.76,
   23.36,
   24.26
  ],
  [
   27.8,
   27.87,
   27.56,
   28.02,
   27.31,
   26.19,
   23.02,
   22.92,
   0.76,
   23.66
  ],
  [
   27.54,
   27.21,
   28.03,
   27.95,
   26.16,
   27.64,
   27.2,
   24.02,
   23.28,
   0.76
  ]
 ],
 "chain_ptm": [
  0.84,
  0.85,
  0.84,
  0.84,
  0.84,
  0.84,
  0.84,
  0.84,
  0.84,
  0.84
 ],
 "fraction_disordered": 0.0,
 "has_clash": 0.0,
 "iptm": 0.14,
 "num_recycles": 10.0,
 "ptm": 0.22,
 "ranking_score": 0.16
}