{
 "chain_iptm": [
  0.05,
  0.05,
  0.05,
  0.05,
  0.05,
  0.05,
  0.05,
  0.05,
  0.05
 ],
 "chain_pair_iptm": [
  [
   0.86,
   0.06,
   0.06,
   0.04,
   0.06,
   0.05,
   0.05,
   0.04,
   0.04
  ],
  [
   0.06,
   0.86,
   0.06,
   0.06,
   0.06,
   0.04,
   0.04,
   0.04,
   0.04
  ],
  [
   0.06,
   0.06,
   0.86,
   0.06,
   0.04,
   0.04,
   0.05,
   0.04,
   0.05
  ],
  [
   0.04,
   0.06,
   0.06,
   0.86,
   0.05,
   0.04,
   0.04,
   0.05,
   0.05
  ],
  [
   0.06,
   0.06,
   0.04,
   0.05,
   0.86,
   0.06,
   0.04,
   0.05,
   0.04
  ],
  [
   0.05,
   0.04,
   0.04,
   0.04,
   0.06,
   0.86,
   0.05,
   0.05,
   0.05
  ],
  [
   0.05,
   0.04,
   0.05,
   0.04,
   0.04,
   0.05,
   0.86,
   0.04,
   0.05
  ],
  [
   0.04,
   0.04,
   0.04,
   0.05,
   0.05,
   0.05,
   0.04,
   0.86,
   0.05
  ],
  [
   0.04,
   0.04,
   0.05,
   0.05,
   0.04,
   0.05,
   0.05,
   0.05,
   0.86
  ]
 ],
 "chain_pair_pae_min": [
  [
   0.76,
   21.37,
   22.6,
   24.99,
   24.04,
   23.59,
   24.51,
   26.66,
   27.81
  ],
  [
   21.9,
   0.76,
   20.97,
   22.49,
   23.94,
   26.01,
   25.35,
   27.26,
   27.63
  ],
  [
   21.85,
   20.93,
   0.76,
   20.95,
   24.79,
   26.32,
   25.07,
   27.18,
   26.54
  ],
  [
   25.58,
   22.73,
   20.75,
   0.76,
   22.43,
   26.23,
   26.2,
   25.12,
   25.41
  ],
  [
   23.78,
   23.98,
   25.24,
   22.97,
   0.76,
   22.87,
   25.84,
   23.58,
   26.87
  ],
  [
   23.96,
   25.95,
   26.38,
   26.61,
   22.92,
   0.76,
   22.65,
   24.67,
   25.05
  ],
  [
   24.52,
   25.53,
   25.25,
   26.52,
   25.89,
   22.31,
   0.76,
   26.63,
   25.25
  ],
  [
   26.09,
   26.67,
   26.79,
   24.98,
   23.3,
   24.26,
   26.15,
   0.76,
   24.08
  ],
  [
   27.07,
   26.67,
   25.64,
   25.03,
   26.63,
   24.56,
   24.94,
   23.51,
   0.76
  ]
 ],
 "chain_ptm": [
  0.86,
  0.86,
  0.86,
  0.86,
  0.86,
  0.86,
  0.86,
  0.86,
  0.86
 ],
 "fraction_disordered": 0.0,
 "has_clash": 0.0,
 "iptm": 0.14,
 "num_recycles": 10.0,
 "ptm": 0.23,
 "ranking_score": 0.16
}