{
 "chain_iptm": [
  0.05,
  0.05,
  0.05,
  0.05,
  0.05,
  0.05,
  0.05,
  0.04,
  0.04
 ],
 "chain_pair_iptm": [
  [
   0.86,
   0.06,
   0.06,
   0.04,
   0.04,
   0.05,
   0.04,
   0.05,
   0.04
  ],
  [
   0.06,
   0.86,
   0.05,
   0.07,
   0.04,
   0.04,
   0.04,
   0.05,
   0.04
  ],
  [
   0.06,
   0.05,
   0.86,
   0.05,
   0.06,
   0.05,
   0.04,
   0.04,
   0.04
  ],
  [
   0.04,
   0.07,
   0.05,
   0.86,
   0.06,
   0.04,
   0.04,
   0.04,
   0.05
  ],
  [
   0.04,
   0.04,
   0.06,
   0.06,
   0.86,
   0.05,
   0.04,
   0.04,
   0.05
  ],
  [
   0.05,
   0.04,
   0.05,
   0.04,
   0.05,
   0.86,
   0.06,
   0.04,
   0.04
  ],
  [
   0.04,
   0.04,
   0.04,
   0.04,
   0.04,
   0.06,
   0.86,
   0.05,
   0.05
  ],
  [
   0.05,
   0.05,
   0.04,
   0.04,
   0.04,
   0.04,
   0.05,
   0.86,
   0.05
  ],
  [
   0.04,
   0.04,
   0.04,
   0.05,
   0.05,
   0.04,
   0.05,
   0.05,
   0.86
  ]
 ],
 "chain_pair_pae_min": [
  [
   0.76,
   21.7,
   22.2,
   25.55,
   26.2,
   24.66,
   26.34,
   26.33,
   28.06
  ],
  [
   21.56,
   0.76,
   21.93,
   21.95,
   25.69,
   26.79,
   27.31,
   26.68,
   27.78
  ],
  [
   22.41,
   23.24,
   0.76,
   22.91,
   23.36,
   24.33,
   27.03,
   27.89,
   28.24
  ],
  [
   25.46,
   22.1,
   22.74,
   0.76,
   22.22,
   25.97,
   27.35,
   27.49,
   26.74
  ],
  [
   26.49,
   25.9,
   23.35,
   22.59,
   0.76,
   23.75,
   25.58,
   27.29,
   26.38
  ],
  [
   24.68,
   26.56,
   24.16,
   26.05,
   23.82,
   0.76,
   23.18,
   26.57,
   26.69
  ],
  [
   26.27,
   27.14,
   26.8,
   27.43,
   25.5,
   22.71,
   0.76,
   23.63,
   24.13
  ],
  [
   25.79,
   25.94,
   27.39,
   27.0,
   27.28,
   26.26,
   22.87,
   0.76,
   24.22
  ],
  [
   27.67,
   27.27,
   27.48,
   25.94,
   25.64,
   26.26,
   24.24,
   23.76,
   0.76
  ]
 ],
 "chain_ptm": [
  0.86,
  0.86,
  0.86,
  0.86,
  0.86,
  0.86,
  0.86,
  0.86,
  0.86
 ],
 "fraction_disordered": 0.0,
 "has_clash": 0.0,
 "iptm": 0.14,
 "num_recycles": 10.0,
 "ptm": 0.23,
 "ranking_score": 0.15
}