{
 "chain_iptm": [
  0.05,
  0.05,
  0.05,
  0.05,
  0.05,
  0.05,
  0.05,
  0.05,
  0.05
 ],
 "chain_pair_iptm": [
  [
   0.86,
   0.06,
   0.06,
   0.05,
   0.04,
   0.04,
   0.05,
   0.05,
   0.04
  ],
  [
   0.06,
   0.86,
   0.04,
   0.06,
   0.05,
   0.05,
   0.04,
   0.04,
   0.04
  ],
  [
   0.06,
   0.04,
   0.86,
   0.06,
   0.05,
   0.04,
   0.04,
   0.04,
   0.05
  ],
  [
   0.05,
   0.06,
   0.06,
   0.85,
   0.06,
   0.04,
   0.04,
   0.04,
   0.04
  ],
  [
   0.04,
   0.05,
   0.05,
   0.06,
   0.85,
   0.05,
   0.04,
   0.04,
   0.05
  ],
  [
   0.04,
   0.05,
   0.04,
   0.04,
   0.05,
   0.86,
   0.06,
   0.05,
   0.05
  ],
  [
   0.05,
   0.04,
   0.04,
   0.04,
   0.04,
   0.06,
   0.86,
   0.05,
   0.04
  ],
  [
   0.05,
   0.04,
   0.04,
   0.04,
   0.04,
   0.05,
   0.05,
   0.85,
   0.06
  ],
  [
   0.04,
   0.04,
   0.05,
   0.04,
   0.05,
   0.05,
   0.04,
   0.06,
   0.85
  ]
 ],
 "chain_pair_pae_min": [
  [
   0.76,
   21.76,
   22.72,
   23.0,
   26.63,
   26.04,
   24.99,
   25.75,
   27.56
  ],
  [
   22.11,
   0.76,
   25.36,
   22.11,
   24.11,
   24.78,
   25.46,
   27.51,
   27.82
  ],
  [
   22.36,
   24.91,
   0.76,
   21.24,
   22.99,
   26.73,
   26.73,
   26.43,
   26.7
  ],
  [
   23.69,
   22.51,
   21.56,
   0.76,
   22.68,
   26.01,
   26.72,
   27.43,
   27.3
  ],
  [
   26.61,
   24.07,
   23.33,
   22.28,
   0.76,
   23.72,
   26.83,
   26.95,
   25.44
  ],
  [
   26.31,
   24.63,
   26.98,
   25.77,
   23.96,
   0.76,
   22.35,
   24.88,
   25.15
  ],
  [
   25.15,
   25.61,
   26.8,
   26.48,
   26.87,
   22.31,
   0.76,
   23.62,
   26.84
  ],
  [
   25.51,
   27.38,
   26.13,
   26.88,
   26.88,
   24.8,
   22.87,
   0.76,
   23.68
  ],
  [
   27.14,
   27.27,
   25.74,
   26.4,
   24.75,
   24.62,
   26.58,
   23.5,
   0.76
  ]
 ],
 "chain_ptm": [
  0.86,
  0.86,
  0.86,
  0.85,
  0.85,
  0.86,
  0.86,
  0.85,
  0.85
 ],
 "fraction_disordered": 0.0,
 "has_clash": 0.0,
 "iptm": 0.14,
 "num_recycles": 10.0,
 "ptm": 0.23,
 "ranking_score": 0.16
}