{
 "chain_iptm": [
  0.05,
  0.05,
  0.05,
  0.05,
  0.05,
  0.05,
  0.05,
  0.05,
  0.05
 ],
 "chain_pair_iptm": [
  [
   0.86,
   0.06,
   0.06,
   0.06,
   0.05,
   0.05,
   0.04,
   0.04,
   0.04
  ],
  [
   0.06,
   0.86,
   0.06,
   0.05,
   0.04,
   0.05,
   0.05,
   0.04,
   0.04
  ],
  [
   0.06,
   0.06,
   0.86,
   0.07,
   0.04,
   0.04,
   0.05,
   0.05,
   0.04
  ],
  [
   0.06,
   0.05,
   0.07,
   0.86,
   0.06,
   0.04,
   0.04,
   0.05,
   0.05
  ],
  [
   0.05,
   0.04,
   0.04,
   0.06,
   0.86,
   0.05,
   0.04,
   0.04,
   0.05
  ],
  [
   0.05,
   0.05,
   0.04,
   0.04,
   0.05,
   0.86,
   0.05,
   0.04,
   0.05
  ],
  [
   0.04,
   0.05,
   0.05,
   0.04,
   0.04,
   0.05,
   0.86,
   0.05,
   0.05
  ],
  [
   0.04,
   0.04,
   0.05,
   0.05,
   0.04,
   0.04,
   0.05,
   0.86,
   0.05
  ],
  [
   0.04,
   0.04,
   0.04,
   0.05,
   0.05,
   0.05,
   0.05,
   0.05,
   0.85
  ]
 ],
 "chain_pair_pae_min": [
  [
   0.76,
   22.4,
   21.81,
   21.7,
   23.61,
   24.35,
   26.9,
   27.33,
   27.64
  ],
  [
   21.53,
   0.76,
   22.11,
   24.79,
   25.74,
   24.11,
   24.5,
   26.36,
   27.54
  ],
  [
   22.21,
   22.29,
   0.76,
   19.64,
   25.38,
   26.05,
   25.03,
   24.83,
   27.32
  ],
  [
   21.8,
   24.7,
   19.81,
   0.76,
   22.29,
   26.0,
   26.68,
   25.75,
   26.76
  ],
  [
   23.34,
   25.81,
   25.85,
   22.41,
   0.76,
   23.34,
   25.29,
   26.62,
   24.7
  ],
  [
   24.58,
   24.23,
   26.38,
   25.88,
   23.29,
   0.76,
   22.24,
   26.55,
   25.24
  ],
  [
   26.74,
   24.75,
   25.4,
   26.74,
   25.57,
   22.23,
   0.76,
   23.13,
   25.48
  ],
  [
   26.58,
   26.3,
   24.62,
   25.14,
   26.63,
   26.04,
   22.91,
   0.76,
   24.63
  ],
  [
   26.75,
   27.16,
   26.81,
   26.11,
   23.6,
   24.32,
   24.89,
   23.86,
   0.76
  ]
 ],
 "chain_ptm": [
  0.86,
  0.86,
  0.86,
  0.86,
  0.86,
  0.86,
  0.86,
  0.86,
  0.85
 ],
 "fraction_disordered": 0.0,
 "has_clash": 0.0,
 "iptm": 0.14,
 "num_recycles": 10.0,
 "ptm": 0.23,
 "ranking_score": 0.16
}