{
 "chain_iptm": [
  0.05,
  0.05,
  0.05,
  0.05,
  0.05,
  0.05,
  0.04,
  0.04,
  0.04
 ],
 "chain_pair_iptm": [
  [
   0.86,
   0.07,
   0.06,
   0.05,
   0.04,
   0.05,
   0.04,
   0.04,
   0.04
  ],
  [
   0.07,
   0.86,
   0.06,
   0.06,
   0.04,
   0.04,
   0.04,
   0.04,
   0.04
  ],
  [
   0.06,
   0.06,
   0.86,
   0.07,
   0.05,
   0.04,
   0.04,
   0.04,
   0.04
  ],
  [
   0.05,
   0.06,
   0.07,
   0.86,
   0.06,
   0.04,
   0.04,
   0.04,
   0.04
  ],
  [
   0.04,
   0.04,
   0.05,
   0.06,
   0.86,
   0.04,
   0.05,
   0.05,
   0.05
  ],
  [
   0.05,
   0.04,
   0.04,
   0.04,
   0.04,
   0.86,
   0.05,
   0.04,
   0.06
  ],
  [
   0.04,
   0.04,
   0.04,
   0.04,
   0.05,
   0.05,
   0.86,
   0.04,
   0.05
  ],
  [
   0.04,
   0.04,
   0.04,
   0.04,
   0.05,
   0.04,
   0.04,
   0.86,
   0.05
  ],
  [
   0.04,
   0.04,
   0.04,
   0.04,
   0.05,
   0.06,
   0.05,
   0.05,
   0.85
  ]
 ],
 "chain_pair_pae_min": [
  [
   0.76,
   18.98,
   22.58,
   23.97,
   26.9,
   25.07,
   27.6,
   26.9,
   27.89
  ],
  [
   19.09,
   0.76,
   21.78,
   22.91,
   26.26,
   26.34,
   27.28,
   27.6,
   28.21
  ],
  [
   21.96,
   21.73,
   0.76,
   19.86,
   24.14,
   27.45,
   27.58,
   27.41,
   28.26
  ],
  [
   24.15,
   23.28,
   19.66,
   0.76,
   22.29,
   27.67,
   26.3,
   27.45,
   27.62
  ],
  [
   26.63,
   26.23,
   23.99,
   22.54,
   0.76,
   26.96,
   24.95,
   25.44,
   26.31
  ],
  [
   25.02,
   26.07,
   27.03,
   27.29,
   26.62,
   0.76,
   24.08,
   24.87,
   23.65
  ],
  [
   27.72,
   26.91,
   27.35,
   26.01,
   24.71,
   23.86,
   0.76,
   27.49,
   24.31
  ],
  [
   26.64,
   27.17,
   26.41,
   27.07,
   25.24,
   25.31,
   27.23,
   0.76,
   23.37
  ],
  [
   27.33,
   27.81,
   27.67,
   26.88,
   25.73,
   23.07,
   24.05,
   23.95,
   0.76
  ]
 ],
 "chain_ptm": [
  0.86,
  0.86,
  0.86,
  0.86,
  0.86,
  0.86,
  0.86,
  0.86,
  0.85
 ],
 "fraction_disordered": 0.0,
 "has_clash": 0.0,
 "iptm": 0.14,
 "num_recycles": 10.0,
 "ptm": 0.23,
 "ranking_score": 0.16
}